date,station_id,station_name,kecamatan,longitude,latitude,elevation_m,rainfall_mm
2020-01-01,ST_01,Pos Hujan Ayah Pesisir,Ayah,109.43969,-7.69769,350.0,37.6
2020-01-01,ST_02,Pos Hujan Buayan,Buayan,109.47271,-7.64872,159.0,37.5
2020-01-01,ST_03,Pos Hujan Rowokele,Rowokele,109.42121,-7.65175,17.0,39.4
2020-01-01,ST_04,Pos Hujan Sempor Waduk,Sempor,109.48118,-7.55757,78.0,33.5
2020-01-01,ST_05,Pos Hujan Sempor Hulu,Sempor,109.50092,-7.58426,25.0,31.1
2020-01-01,ST_06,Pos Hujan Gombong Kota,Gombong,109.52569,-7.63553,14.0,31.6
2020-01-01,ST_07,Pos Hujan Kuwarasan,Kuwarasan,109.50431,-7.67911,8.0,36.6
2020-01-01,ST_08,Pos Hujan Puring,Puring,109.51652,-7.70433,11.0,34.0
2020-01-01,ST_09,Pos Hujan Petanahan,Petanahan,109.57289,-7.73008,8.0,30.3
2020-01-01,ST_10,Pos Hujan Klirong,Klirong,109.63629,-7.78374,6.0,33.5
2020-01-01,ST_11,Pos Hujan Karanganyar,Karanganyar,109.58032,-7.63386,18.0,34.1
2020-01-01,ST_12,Pos Hujan Karanggayam Lereng,Karanggayam,109.59207,-7.60258,250.0,42.5
2020-01-01,ST_13,Pos Hujan Karanggayam Puncak,Karanggayam,109.63868,-7.5556,63.0,32.5
2020-01-01,ST_14,Pos Hujan Sadang Kulon,Sadang,109.70679,-7.49279,385.0,40.2
2020-01-01,ST_15,Pos Hujan Sadang Wetan,Sadang,109.7296,-7.52571,149.0,35.6
2020-01-01,ST_16,Pos Hujan Pejagoan,Pejagoan,109.66435,-7.58315,130.0,29.9
2020-01-01,ST_17,Stasiun Klimatologi Kebumen Kota,Kebumen,109.67162,-7.70396,15.0,33.9
2020-01-01,ST_18,Pos Hujan Alian,Alian,109.68469,-7.62856,34.0,35.1
2020-01-01,ST_19,Pos Hujan Padureso Waduk,Padureso,109.76825,-7.61473,144.0,36.2
2020-01-01,ST_20,Pos Hujan Wadaslintang Bendungan,Wadaslintang,109.81835,-7.72027,8.0,31.5
2020-01-01,ST_21,Pos Hujan Poncowarno,Poncowarno,109.76215,-7.641,139.0,29.6
2020-01-01,ST_22,Pos Hujan Kutowinangun,Kutowinangun,109.76918,-7.72765,10.0,30.7
2020-01-01,ST_23,Pos Hujan Prembun,Prembun,109.79275,-7.72654,11.0,31.1
2020-01-01,ST_24,Pos Hujan Bonorowo,Bonorowo,109.83178,-7.75192,10.0,29.0
2020-01-01,ST_25,Pos Hujan Mirit,Mirit,109.77948,-7.79442,20.0,31.1
2020-01-01,ST_26,Pos Hujan Ambal,Ambal,109.75273,-7.75236,11.0,33.6
2020-01-01,ST_27,Pos Hujan Buluspesantren,Buluspesantren,109.7032,-7.74437,9.0,39.4
2020-01-01,ST_28,Pos Hujan Adimulyo,Adimulyo,109.57791,-7.67035,18.0,33.9
2020-01-01,ST_29,Pos Hujan Sempor Lereng Barat,Sempor,109.51496,-7.56868,103.0,37.1
2020-01-01,ST_30,Pos Hujan Alian Perbukitan,Alian,109.68851,-7.63141,69.0,34.3
2020-01-02,ST_01,Pos Hujan Ayah Pesisir,Ayah,109.43969,-7.69769,350.0,5.4
2020-01-02,ST_02,Pos Hujan Buayan,Buayan,109.47271,-7.64872,159.0,6.5
2020-01-02,ST_03,Pos Hujan Rowokele,Rowokele,109.42121,-7.65175,17.0,6.2
2020-01-02,ST_04,Pos Hujan Sempor Waduk,Sempor,109.48118,-7.55757,78.0,8.5
2020-01-02,ST_05,Pos Hujan Sempor Hulu,Sempor,109.50092,-7.58426,25.0,6.1
2020-01-02,ST_06,Pos Hujan Gombong Kota,Gombong,109.52569,-7.63553,14.0,6.4
2020-01-02,ST_07,Pos Hujan Kuwarasan,Kuwarasan,109.50431,-7.67911,8.0,6.0
2020-01-02,ST_08,Pos Hujan Puring,Puring,109.51652,-7.70433,11.0,5.1
2020-01-02,ST_09,Pos Hujan Petanahan,Petanahan,109.57289,-7.73008,8.0,6.7
2020-01-02,ST_10,Pos Hujan Klirong,Klirong,109.63629,-7.78374,6.0,6.3
2020-01-02,ST_11,Pos Hujan Karanganyar,Karanganyar,109.58032,-7.63386,18.0,6.7
2020-01-02,ST_12,Pos Hujan Karanggayam Lereng,Karanggayam,109.59207,-7.60258,250.0,6.2
2020-01-02,ST_13,Pos Hujan Karanggayam Puncak,Karanggayam,109.63868,-7.5556,63.0,7.6
2020-01-02,ST_14,Pos Hujan Sadang Kulon,Sadang,109.70679,-7.49279,385.0,6.4
2020-01-02,ST_15,Pos Hujan Sadang Wetan,Sadang,109.7296,-7.52571,149.0,7.3
2020-01-02,ST_16,Pos Hujan Pejagoan,Pejagoan,109.66435,-7.58315,130.0,8.4
2020-01-02,ST_17,Stasiun Klimatologi Kebumen Kota,Kebumen,109.67162,-7.70396,15.0,5.3
2020-01-02,ST_18,Pos Hujan Alian,Alian,109.68469,-7.62856,34.0,5.8
2020-01-02,ST_19,Pos Hujan Padureso Waduk,Padureso,109.76825,-7.61473,144.0,6.7
2020-01-02,ST_20,Pos Hujan Wadaslintang Bendungan,Wadaslintang,109.81835,-7.72027,8.0,5.6
2020-01-02,ST_21,Pos Hujan Poncowarno,Poncowarno,109.76215,-7.641,139.0,5.3
2020-01-02,ST_22,Pos Hujan Kutowinangun,Kutowinangun,109.76918,-7.72765,10.0,6.0
2020-01-02,ST_23,Pos Hujan Prembun,Prembun,109.79275,-7.72654,11.0,5.2
2020-01-02,ST_24,Pos Hujan Bonorowo,Bonorowo,109.83178,-7.75192,10.0,6.2
2020-01-02,ST_25,Pos Hujan Mirit,Mirit,109.77948,-7.79442,20.0,5.1
2020-01-02,ST_26,Pos Hujan Ambal,Ambal,109.75273,-7.75236,11.0,6.9
2020-01-02,ST_27,Pos Hujan Buluspesantren,Buluspesantren,109.7032,-7.74437,9.0,5.3
2020-01-02,ST_28,Pos Hujan Adimulyo,Adimulyo,109.57791,-7.67035,18.0,5.8
2020-01-02,ST_29,Pos Hujan Sempor Lereng Barat,Sempor,109.51496,-7.56868,103.0,7.2
2020-01-02,ST_30,Pos Hujan Alian Perbukitan,Alian,109.68851,-7.63141,69.0,5.4
2020-01-03,ST_01,Pos Hujan Ayah Pesisir,Ayah,109.43969,-7.69769,350.0,0.0
2020-01-03,ST_02,Pos Hujan Buayan,Buayan,109.47271,-7.64872,159.0,0.0
2020-01-03,ST_03,Pos Hujan Rowokele,Rowokele,109.42121,-7.65175,17.0,0.0
2020-01-03,ST_04,Pos Hujan Sempor Waduk,Sempor,109.48118,-7.55757,78.0,0.0
2020-01-03,ST_05,Pos Hujan Sempor Hulu,Sempor,109.50092,-7.58426,25.0,0.4
2020-01-03,ST_06,Pos Hujan Gombong Kota,Gombong,109.52569,-7.63553,14.0,0.0
2020-01-03,ST_07,Pos Hujan Kuwarasan,Kuwarasan,109.50431,-7.67911,8.0,0.0
2020-01-03,ST_08,Pos Hujan Puring,Puring,109.51652,-7.70433,11.0,0.0
2020-01-03,ST_09,Pos Hujan Petanahan,Petanahan,109.57289,-7.73008,8.0,0.0
2020-01-03,ST_10,Pos Hujan Klirong,Klirong,109.63629,-7.78374,6.0,0.0
2020-01-03,ST_11,Pos Hujan Karanganyar,Karanganyar,109.58032,-7.63386,18.0,0.0
2020-01-03,ST_12,Pos Hujan Karanggayam Lereng,Karanggayam,109.59207,-7.60258,250.0,0.0
2020-01-03,ST_13,Pos Hujan Karanggayam Puncak,Karanggayam,109.63868,-7.5556,63.0,0.0
2020-01-03,ST_14,Pos Hujan Sadang Kulon,Sadang,109.70679,-7.49279,385.0,0.0
2020-01-03,ST_15,Pos Hujan Sadang Wetan,Sadang,109.7296,-7.52571,149.0,0.1
2020-01-03,ST_16,Pos Hujan Pejagoan,Pejagoan,109.66435,-7.58315,130.0,0.0
2020-01-03,ST_17,Stasiun Klimatologi Kebumen Kota,Kebumen,109.67162,-7.70396,15.0,0.0
2020-01-03,ST_18,Pos Hujan Alian,Alian,109.68469,-7.62856,34.0,0.1
2020-01-03,ST_19,Pos Hujan Padureso Waduk,Padureso,109.76825,-7.61473,144.0,0.0
2020-01-03,ST_20,Pos Hujan Wadaslintang Bendungan,Wadaslintang,109.81835,-7.72027,8.0,0.1
2020-01-03,ST_21,Pos Hujan Poncowarno,Poncowarno,109.76215,-7.641,139.0,0.0
2020-01-03,ST_22,Pos Hujan Kutowinangun,Kutowinangun,109.76918,-7.72765,10.0,0.0
2020-01-03,ST_23,Pos Hujan Prembun,Prembun,109.79275,-7.72654,11.0,0.0
2020-01-03,ST_24,Pos Hujan Bonorowo,Bonorowo,109.83178,-7.75192,10.0,0.0
2020-01-03,ST_25,Pos Hujan Mirit,Mirit,109.77948,-7.79442,20.0,0.0
2020-01-03,ST_26,Pos Hujan Ambal,Ambal,109.75273,-7.75236,11.0,0.0
2020-01-03,ST_27,Pos Hujan Buluspesantren,Buluspesantren,109.7032,-7.74437,9.0,0.0
2020-01-03,ST_28,Pos Hujan Adimulyo,Adimulyo,109.57791,-7.67035,18.0,0.0
2020-01-03,ST_29,Pos Hujan Sempor Lereng Barat,Sempor,109.51496,-7.56868,103.0,0.0
2020-01-03,ST_30,Pos Hujan Alian Perbukitan,Alian,109.68851,-7.63141,69.0,0.0
2020-01-04,ST_01,Pos Hujan Ayah Pesisir,Ayah,109.43969,-7.69769,350.0,8.7
2020-01-04,ST_02,Pos Hujan Buayan,Buayan,109.47271,-7.64872,159.0,9.1
2020-01-04,ST_03,Pos Hujan Rowokele,Rowokele,109.42121,-7.65175,17.0,6.7
2020-01-04,ST_04,Pos Hujan Sempor Waduk,Sempor,109.48118,-7.55757,78.0,6.7
2020-01-04,ST_05,Pos Hujan Sempor Hulu,Sempor,109.50092,-7.58426,25.0,6.3
2020-01-04,ST_06,Pos Hujan Gombong Kota,Gombong,109.52569,-7.63553,14.0,6.2
2020-01-04,ST_07,Pos Hujan Kuwarasan,Kuwarasan,109.50431,-7.67911,8.0,6.7
2020-01-04,ST_08,Pos Hujan Puring,Puring,109.51652,-7.70433,11.0,7.0
2020-01-04,ST_09,Pos Hujan Petanahan,Petanahan,109.57289,-7.73008,8.0,6.9
2020-01-04,ST_10,Pos Hujan Klirong,Klirong,109.63629,-7.78374,6.0,7.1
2020-01-04,ST_11,Pos Hujan Karanganyar,Karanganyar,109.58032,-7.63386,18.0,6.9
2020-01-04,ST_12,Pos Hujan Karanggayam Lereng,Karanggayam,109.59207,-7.60258,250.0,9.2
2020-01-04,ST_13,Pos Hujan Karanggayam Puncak,Karanggayam,109.63868,-7.5556,63.0,7.1
2020-01-04,ST_14,Pos Hujan Sadang Kulon,Sadang,109.70679,-7.49279,385.0,11.4
2020-01-04,ST_15,Pos Hujan Sadang Wetan,Sadang,109.7296,-7.52571,149.0,8.2
2020-01-04,ST_16,Pos Hujan Pejagoan,Pejagoan,109.66435,-7.58315,130.0,6.7
2020-01-04,ST_17,Stasiun Klimatologi Kebumen Kota,Kebumen,109.67162,-7.70396,15.0,5.9
2020-01-04,ST_18,Pos Hujan Alian,Alian,109.68469,-7.62856,34.0,7.4
2020-01-04,ST_19,Pos Hujan Padureso Waduk,Padureso,109.76825,-7.61473,144.0,7.2
2020-01-04,ST_20,Pos Hujan Wadaslintang Bendungan,Wadaslintang,109.81835,-7.72027,8.0,7.2
2020-01-04,ST_21,Pos Hujan Poncowarno,Poncowarno,109.76215,-7.641,139.0,7.8
2020-01-04,ST_22,Pos Hujan Kutowinangun,Kutowinangun,109.76918,-7.72765,10.0,6.6
2020-01-04,ST_23,Pos Hujan Prembun,Prembun,109.79275,-7.72654,11.0,6.0
2020-01-04,ST_24,Pos Hujan Bonorowo,Bonorowo,109.83178,-7.75192,10.0,5.4
2020-01-04,ST_25,Pos Hujan Mirit,Mirit,109.77948,-7.79442,20.0,6.2
2020-01-04,ST_26,Pos Hujan Ambal,Ambal,109.75273,-7.75236,11.0,7.3
2020-01-04,ST_27,Pos Hujan Buluspesantren,Buluspesantren,109.7032,-7.74437,9.0,6.8
2020-01-04,ST_28,Pos Hujan Adimulyo,Adimulyo,109.57791,-7.67035,18.0,5.8
2020-01-04,ST_29,Pos Hujan Sempor Lereng Barat,Sempor,109.51496,-7.56868,103.0,7.6
2020-01-04,ST_30,Pos Hujan Alian Perbukitan,Alian,109.68851,-7.63141,69.0,7.4
2020-01-05,ST_01,Pos Hujan Ayah Pesisir,Ayah,109.43969,-7.69769,350.0,11.2
2020-01-05,ST_02,Pos Hujan Buayan,Buayan,109.47271,-7.64872,159.0,11.9
2020-01-05,ST_03,Pos Hujan Rowokele,Rowokele,109.42121,-7.65175,17.0,10.9
2020-01-05,ST_04,Pos Hujan Sempor Waduk,Sempor,109.48118,-7.55757,78.0,10.0
2020-01-05,ST_05,Pos Hujan Sempor Hulu,Sempor,109.50092,-7.58426,25.0,11.7
2020-01-05,ST_06,Pos Hujan Gombong Kota,Gombong,109.52569,-7.63553,14.0,11.6
2020-01-05,ST_07,Pos Hujan Kuwarasan,Kuwarasan,109.50431,-7.67911,8.0,12.1
2020-01-05,ST_08,Pos Hujan Puring,Puring,109.51652,-7.70433,11.0,11.9
2020-01-05,ST_09,Pos Hujan Petanahan,Petanahan,109.57289,-7.73008,8.0,8.7
2020-01-05,ST_10,Pos Hujan Klirong,Klirong,109.63629,-7.78374,6.0,9.1
2020-01-05,ST_11,Pos Hujan Karanganyar,Karanganyar,109.58032,-7.63386,18.0,11.6
2020-01-05,ST_12,Pos Hujan Karanggayam Lereng,Karanggayam,109.59207,-7.60258,250.0,13.1
2020-01-05,ST_13,Pos Hujan Karanggayam Puncak,Karanggayam,109.63868,-7.5556,63.0,12.2
2020-01-05,ST_14,Pos Hujan Sadang Kulon,Sadang,109.70679,-7.49279,385.0,19.8
2020-01-05,ST_15,Pos Hujan Sadang Wetan,Sadang,109.7296,-7.52571,149.0,12.9
2020-01-05,ST_16,Pos Hujan Pejagoan,Pejagoan,109.66435,-7.58315,130.0,13.4
2020-01-05,ST_17,Stasiun Klimatologi Kebumen Kota,Kebumen,109.67162,-7.70396,15.0,11.8
2020-01-05,ST_18,Pos Hujan Alian,Alian,109.68469,-7.62856,34.0,11.9
2020-01-05,ST_19,Pos Hujan Padureso Waduk,Padureso,109.76825,-7.61473,144.0,11.3
2020-01-05,ST_20,Pos Hujan Wadaslintang Bendungan,Wadaslintang,109.81835,-7.72027,8.0,11.5
2020-01-05,ST_21,Pos Hujan Poncowarno,Poncowarno,109.76215,-7.641,139.0,10.5
2020-01-05,ST_22,Pos Hujan Kutowinangun,Kutowinangun,109.76918,-7.72765,10.0,10.2
2020-01-05,ST_23,Pos Hujan Prembun,Prembun,109.79275,-7.72654,11.0,9.9
2020-01-05,ST_24,Pos Hujan Bonorowo,Bonorowo,109.83178,-7.75192,10.0,10.5
2020-01-05,ST_25,Pos Hujan Mirit,Mirit,109.77948,-7.79442,20.0,13.1
2020-01-05,ST_26,Pos Hujan Ambal,Ambal,109.75273,-7.75236,11.0,8.1
2020-01-05,ST_27,Pos Hujan Buluspesantren,Buluspesantren,109.7032,-7.74437,9.0,11.3
2020-01-05,ST_28,Pos Hujan Adimulyo,Adimulyo,109.57791,-7.67035,18.0,8.7
2020-01-05,ST_29,Pos Hujan Sempor Lereng Barat,Sempor,109.51496,-7.56868,103.0,11.0
2020-01-05,ST_30,Pos Hujan Alian Perbukitan,Alian,109.68851,-7.63141,69.0,12.7
2020-01-06,ST_01,Pos Hujan Ayah Pesisir,Ayah,109.43969,-7.69769,350.0,0.3
2020-01-06,ST_02,Pos Hujan Buayan,Buayan,109.47271,-7.64872,159.0,0.0
2020-01-06,ST_03,Pos Hujan Rowokele,Rowokele,109.42121,-7.65175,17.0,0.0
2020-01-06,ST_04,Pos Hujan Sempor Waduk,Sempor,109.48118,-7.55757,78.0,0.0
2020-01-06,ST_05,Pos Hujan Sempor Hulu,Sempor,109.50092,-7.58426,25.0,0.1
2020-01-06,ST_06,Pos Hujan Gombong Kota,Gombong,109.52569,-7.63553,14.0,0.0
2020-01-06,ST_07,Pos Hujan Kuwarasan,Kuwarasan,109.50431,-7.67911,8.0,0.0
2020-01-06,ST_08,Pos Hujan Puring,Puring,109.51652,-7.70433,11.0,0.0
2020-01-06,ST_09,Pos Hujan Petanahan,Petanahan,109.57289,-7.73008,8.0,0.0
2020-01-06,ST_10,Pos Hujan Klirong,Klirong,109.63629,-7.78374,6.0,0.0
2020-01-06,ST_11,Pos Hujan Karanganyar,Karanganyar,109.58032,-7.63386,18.0,0.0
2020-01-06,ST_12,Pos Hujan Karanggayam Lereng,Karanggayam,109.59207,-7.60258,250.0,0.0
2020-01-06,ST_13,Pos Hujan Karanggayam Puncak,Karanggayam,109.63868,-7.5556,63.0,0.0
2020-01-06,ST_14,Pos Hujan Sadang Kulon,Sadang,109.70679,-7.49279,385.0,0.0
2020-01-06,ST_15,Pos Hujan Sadang Wetan,Sadang,109.7296,-7.52571,149.0,0.0
2020-01-06,ST_16,Pos Hujan Pejagoan,Pejagoan,109.66435,-7.58315,130.0,0.1
2020-01-06,ST_17,Stasiun Klimatologi Kebumen Kota,Kebumen,109.67162,-7.70396,15.0,0.0
2020-01-06,ST_18,Pos Hujan Alian,Alian,109.68469,-7.62856,34.0,0.0
2020-01-06,ST_19,Pos Hujan Padureso Waduk,Padureso,109.76825,-7.61473,144.0,0.0
2020-01-06,ST_20,Pos Hujan Wadaslintang Bendungan,Wadaslintang,109.81835,-7.72027,8.0,0.0
2020-01-06,ST_21,Pos Hujan Poncowarno,Poncowarno,109.76215,-7.641,139.0,0.0
2020-01-06,ST_22,Pos Hujan Kutowinangun,Kutowinangun,109.76918,-7.72765,10.0,0.0
2020-01-06,ST_23,Pos Hujan Prembun,Prembun,109.79275,-7.72654,11.0,0.0
2020-01-06,ST_24,Pos Hujan Bonorowo,Bonorowo,109.83178,-7.75192,10.0,0.0
2020-01-06,ST_25,Pos Hujan Mirit,Mirit,109.77948,-7.79442,20.0,0.0
2020-01-06,ST_26,Pos Hujan Ambal,Ambal,109.75273,-7.75236,11.0,0.0
2020-01-06,ST_27,Pos Hujan Buluspesantren,Buluspesantren,109.7032,-7.74437,9.0,0.0
2020-01-06,ST_28,Pos Hujan Adimulyo,Adimulyo,109.57791,-7.67035,18.0,0.0
2020-01-06,ST_29,Pos Hujan Sempor Lereng Barat,Sempor,109.51496,-7.56868,103.0,0.0
2020-01-06,ST_30,Pos Hujan Alian Perbukitan,Alian,109.68851,-7.63141,69.0,0.0
2020-01-07,ST_01,Pos Hujan Ayah Pesisir,Ayah,109.43969,-7.69769,350.0,46.2
2020-01-07,ST_02,Pos Hujan Buayan,Buayan,109.47271,-7.64872,159.0,62.5
2020-01-07,ST_03,Pos Hujan Rowokele,Rowokele,109.42121,-7.65175,17.0,43.4
2020-01-07,ST_04,Pos Hujan Sempor Waduk,Sempor,109.48118,-7.55757,78.0,43.0
2020-01-07,ST_05,Pos Hujan Sempor Hulu,Sempor,109.50092,-7.58426,25.0,47.6
2020-01-07,ST_06,Pos Hujan Gombong Kota,Gombong,109.52569,-7.63553,14.0,58.6
2020-01-07,ST_07,Pos Hujan Kuwarasan,Kuwarasan,109.50431,-7.67911,8.0,46.8
2020-01-07,ST_08,Pos Hujan Puring,Puring,109.51652,-7.70433,11.0,41.3
2020-01-07,ST_09,Pos Hujan Petanahan,Petanahan,109.57289,-7.73008,8.0,38.8
2020-01-07,ST_10,Pos Hujan Klirong,Klirong,109.63629,-7.78374,6.0,44.4
2020-01-07,ST_11,Pos Hujan Karanganyar,Karanganyar,109.58032,-7.63386,18.0,36.5
2020-01-07,ST_12,Pos Hujan Karanggayam Lereng,Karanggayam,109.59207,-7.60258,250.0,45.8
2020-01-07,ST_13,Pos Hujan Karanggayam Puncak,Karanggayam,109.63868,-7.5556,63.0,59.8
2020-01-07,ST_14,Pos Hujan Sadang Kulon,Sadang,109.70679,-7.49279,385.0,69.0
2020-01-07,ST_15,Pos Hujan Sadang Wetan,Sadang,109.7296,-7.52571,149.0,52.3
2020-01-07,ST_16,Pos Hujan Pejagoan,Pejagoan,109.66435,-7.58315,130.0,48.7
2020-01-07,ST_17,Stasiun Klimatologi Kebumen Kota,Kebumen,109.67162,-7.70396,15.0,46.9
2020-01-07,ST_18,Pos Hujan Alian,Alian,109.68469,-7.62856,34.0,62.1
2020-01-07,ST_19,Pos Hujan Padureso Waduk,Padureso,109.76825,-7.61473,144.0,53.9
2020-01-07,ST_20,Pos Hujan Wadaslintang Bendungan,Wadaslintang,109.81835,-7.72027,8.0,51.2
2020-01-07,ST_21,Pos Hujan Poncowarno,Poncowarno,109.76215,-7.641,139.0,49.6
2020-01-07,ST_22,Pos Hujan Kutowinangun,Kutowinangun,109.76918,-7.72765,10.0,46.4
2020-01-07,ST_23,Pos Hujan Prembun,Prembun,109.79275,-7.72654,11.0,49.7
2020-01-07,ST_24,Pos Hujan Bonorowo,Bonorowo,109.83178,-7.75192,10.0,46.3
2020-01-07,ST_25,Pos Hujan Mirit,Mirit,109.77948,-7.79442,20.0,34.8
2020-01-07,ST_26,Pos Hujan Ambal,Ambal,109.75273,-7.75236,11.0,52.6
2020-01-07,ST_27,Pos Hujan Buluspesantren,Buluspesantren,109.7032,-7.74437,9.0,42.4
2020-01-07,ST_28,Pos Hujan Adimulyo,Adimulyo,109.57791,-7.67035,18.0,59.3
2020-01-07,ST_29,Pos Hujan Sempor Lereng Barat,Sempor,109.51496,-7.56868,103.0,55.5
2020-01-07,ST_30,Pos Hujan Alian Perbukitan,Alian,109.68851,-7.63141,69.0,49.7
2020-01-08,ST_01,Pos Hujan Ayah Pesisir,Ayah,109.43969,-7.69769,350.0,33.3
2020-01-08,ST_02,Pos Hujan Buayan,Buayan,109.47271,-7.64872,159.0,29.1
2020-01-08,ST_03,Pos Hujan Rowokele,Rowokele,109.42121,-7.65175,17.0,25.8
2020-01-08,ST_04,Pos Hujan Sempor Waduk,Sempor,109.48118,-7.55757,78.0,30.0
2020-01-08,ST_05,Pos Hujan Sempor Hulu,Sempor,109.50092,-7.58426,25.0,31.3
2020-01-08,ST_06,Pos Hujan Gombong Kota,Gombong,109.52569,-7.63553,14.0,26.0
2020-01-08,ST_07,Pos Hujan Kuwarasan,Kuwarasan,109.50431,-7.67911,8.0,25.0
2020-01-08,ST_08,Pos Hujan Puring,Puring,109.51652,-7.70433,11.0,25.7
2020-01-08,ST_09,Pos Hujan Petanahan,Petanahan,109.57289,-7.73008,8.0,29.5
2020-01-08,ST_10,Pos Hujan Klirong,Klirong,109.63629,-7.78374,6.0,30.4
2020-01-08,ST_11,Pos Hujan Karanganyar,Karanganyar,109.58032,-7.63386,18.0,28.8
2020-01-08,ST_12,Pos Hujan Karanggayam Lereng,Karanggayam,109.59207,-7.60258,250.0,33.4
2020-01-08,ST_13,Pos Hujan Karanggayam Puncak,Karanggayam,109.63868,-7.5556,63.0,26.9
2020-01-08,ST_14,Pos Hujan Sadang Kulon,Sadang,109.70679,-7.49279,385.0,37.9
2020-01-08,ST_15,Pos Hujan Sadang Wetan,Sadang,109.7296,-7.52571,149.0,32.7
2020-01-08,ST_16,Pos Hujan Pejagoan,Pejagoan,109.66435,-7.58315,130.0,27.2
2020-01-08,ST_17,Stasiun Klimatologi Kebumen Kota,Kebumen,109.67162,-7.70396,15.0,21.1
2020-01-08,ST_18,Pos Hujan Alian,Alian,109.68469,-7.62856,34.0,23.8
2020-01-08,ST_19,Pos Hujan Padureso Waduk,Padureso,109.76825,-7.61473,144.0,27.2
2020-01-08,ST_20,Pos Hujan Wadaslintang Bendungan,Wadaslintang,109.81835,-7.72027,8.0,30.3
2020-01-08,ST_21,Pos Hujan Poncowarno,Poncowarno,109.76215,-7.641,139.0,34.7
2020-01-08,ST_22,Pos Hujan Kutowinangun,Kutowinangun,109.76918,-7.72765,10.0,25.1
2020-01-08,ST_23,Pos Hujan Prembun,Prembun,109.79275,-7.72654,11.0,25.3
2020-01-08,ST_24,Pos Hujan Bonorowo,Bonorowo,109.83178,-7.75192,10.0,27.1
2020-01-08,ST_25,Pos Hujan Mirit,Mirit,109.77948,-7.79442,20.0,26.0
2020-01-08,ST_26,Pos Hujan Ambal,Ambal,109.75273,-7.75236,11.0,29.2
2020-01-08,ST_27,Pos Hujan Buluspesantren,Buluspesantren,109.7032,-7.74437,9.0,24.7
2020-01-08,ST_28,Pos Hujan Adimulyo,Adimulyo,109.57791,-7.67035,18.0,30.4
2020-01-08,ST_29,Pos Hujan Sempor Lereng Barat,Sempor,109.51496,-7.56868,103.0,28.7
2020-01-08,ST_30,Pos Hujan Alian Perbukitan,Alian,109.68851,-7.63141,69.0,31.3
2020-01-09,ST_01,Pos Hujan Ayah Pesisir,Ayah,109.43969,-7.69769,350.0,0.4
2020-01-09,ST_02,Pos Hujan Buayan,Buayan,109.47271,-7.64872,159.0,0.2
2020-01-09,ST_03,Pos Hujan Rowokele,Rowokele,109.42121,-7.65175,17.0,0.0
2020-01-09,ST_04,Pos Hujan Sempor Waduk,Sempor,109.48118,-7.55757,78.0,0.0
2020-01-09,ST_05,Pos Hujan Sempor Hulu,Sempor,109.50092,-7.58426,25.0,0.0
2020-01-09,ST_06,Pos Hujan Gombong Kota,Gombong,109.52569,-7.63553,14.0,0.0
2020-01-09,ST_07,Pos Hujan Kuwarasan,Kuwarasan,109.50431,-7.67911,8.0,0.0
2020-01-09,ST_08,Pos Hujan Puring,Puring,109.51652,-7.70433,11.0,0.0
2020-01-09,ST_09,Pos Hujan Petanahan,Petanahan,109.57289,-7.73008,8.0,0.0
2020-01-09,ST_10,Pos Hujan Klirong,Klirong,109.63629,-7.78374,6.0,0.0
2020-01-09,ST_11,Pos Hujan Karanganyar,Karanganyar,109.58032,-7.63386,18.0,0.0
2020-01-09,ST_12,Pos Hujan Karanggayam Lereng,Karanggayam,109.59207,-7.60258,250.0,0.0
2020-01-09,ST_13,Pos Hujan Karanggayam Puncak,Karanggayam,109.63868,-7.5556,63.0,0.0
2020-01-09,ST_14,Pos Hujan Sadang Kulon,Sadang,109.70679,-7.49279,385.0,0.2
2020-01-09,ST_15,Pos Hujan Sadang Wetan,Sadang,109.7296,-7.52571,149.0,0.3
2020-01-09,ST_16,Pos Hujan Pejagoan,Pejagoan,109.66435,-7.58315,130.0,0.0
2020-01-09,ST_17,Stasiun Klimatologi Kebumen Kota,Kebumen,109.67162,-7.70396,15.0,0.0
2020-01-09,ST_18,Pos Hujan Alian,Alian,109.68469,-7.62856,34.0,0.0
2020-01-09,ST_19,Pos Hujan Padureso Waduk,Padureso,109.76825,-7.61473,144.0,0.1
2020-01-09,ST_20,Pos Hujan Wadaslintang Bendungan,Wadaslintang,109.81835,-7.72027,8.0,0.0
2020-01-09,ST_21,Pos Hujan Poncowarno,Poncowarno,109.76215,-7.641,139.0,0.0
2020-01-09,ST_22,Pos Hujan Kutowinangun,Kutowinangun,109.76918,-7.72765,10.0,0.1
2020-01-09,ST_23,Pos Hujan Prembun,Prembun,109.79275,-7.72654,11.0,0.0
2020-01-09,ST_24,Pos Hujan Bonorowo,Bonorowo,109.83178,-7.75192,10.0,0.3
2020-01-09,ST_25,Pos Hujan Mirit,Mirit,109.77948,-7.79442,20.0,0.0
2020-01-09,ST_26,Pos Hujan Ambal,Ambal,109.75273,-7.75236,11.0,0.1
2020-01-09,ST_27,Pos Hujan Buluspesantren,Buluspesantren,109.7032,-7.74437,9.0,0.0
2020-01-09,ST_28,Pos Hujan Adimulyo,Adimulyo,109.57791,-7.67035,18.0,0.0
2020-01-09,ST_29,Pos Hujan Sempor Lereng Barat,Sempor,109.51496,-7.56868,103.0,0.0
2020-01-09,ST_30,Pos Hujan Alian Perbukitan,Alian,109.68851,-7.63141,69.0,0.0
2020-01-10,ST_01,Pos Hujan Ayah Pesisir,Ayah,109.43969,-7.69769,350.0,6.5
2020-01-10,ST_02,Pos Hujan Buayan,Buayan,109.47271,-7.64872,159.0,7.6
2020-01-10,ST_03,Pos Hujan Rowokele,Rowokele,109.42121,-7.65175,17.0,4.6
2020-01-10,ST_04,Pos Hujan Sempor Waduk,Sempor,109.48118,-7.55757,78.0,7.8
2020-01-10,ST_05,Pos Hujan Sempor Hulu,Sempor,109.50092,-7.58426,25.0,6.1
2020-01-10,ST_06,Pos Hujan Gombong Kota,Gombong,109.52569,-7.63553,14.0,6.1
2020-01-10,ST_07,Pos Hujan Kuwarasan,Kuwarasan,109.50431,-7.67911,8.0,5.5
2020-01-10,ST_08,Pos Hujan Puring,Puring,109.51652,-7.70433,11.0,5.9
2020-01-10,ST_09,Pos Hujan Petanahan,Petanahan,109.57289,-7.73008,8.0,6.8
2020-01-10,ST_10,Pos Hujan Klirong,Klirong,109.63629,-7.78374,6.0,6.3
2020-01-10,ST_11,Pos Hujan Karanganyar,Karanganyar,109.58032,-7.63386,18.0,6.5
2020-01-10,ST_12,Pos Hujan Karanggayam Lereng,Karanggayam,109.59207,-7.60258,250.0,7.0
2020-01-10,ST_13,Pos Hujan Karanggayam Puncak,Karanggayam,109.63868,-7.5556,63.0,5.4
2020-01-10,ST_14,Pos Hujan Sadang Kulon,Sadang,109.70679,-7.49279,385.0,6.9
2020-01-10,ST_15,Pos Hujan Sadang Wetan,Sadang,109.7296,-7.52571,149.0,6.5
2020-01-10,ST_16,Pos Hujan Pejagoan,Pejagoan,109.66435,-7.58315,130.0,7.0
2020-01-10,ST_17,Stasiun Klimatologi Kebumen Kota,Kebumen,109.67162,-7.70396,15.0,6.0
2020-01-10,ST_18,Pos Hujan Alian,Alian,109.68469,-7.62856,34.0,7.0
2020-01-10,ST_19,Pos Hujan Padureso Waduk,Padureso,109.76825,-7.61473,144.0,7.0
2020-01-10,ST_20,Pos Hujan Wadaslintang Bendungan,Wadaslintang,109.81835,-7.72027,8.0,6.0
2020-01-10,ST_21,Pos Hujan Poncowarno,Poncowarno,109.76215,-7.641,139.0,8.3
2020-01-10,ST_22,Pos Hujan Kutowinangun,Kutowinangun,109.76918,-7.72765,10.0,6.2
2020-01-10,ST_23,Pos Hujan Prembun,Prembun,109.79275,-7.72654,11.0,5.6
2020-01-10,ST_24,Pos Hujan Bonorowo,Bonorowo,109.83178,-7.75192,10.0,7.2
2020-01-10,ST_25,Pos Hujan Mirit,Mirit,109.77948,-7.79442,20.0,6.6
2020-01-10,ST_26,Pos Hujan Ambal,Ambal,109.75273,-7.75236,11.0,7.1
2020-01-10,ST_27,Pos Hujan Buluspesantren,Buluspesantren,109.7032,-7.74437,9.0,5.8
2020-01-10,ST_28,Pos Hujan Adimulyo,Adimulyo,109.57791,-7.67035,18.0,6.8
2020-01-10,ST_29,Pos Hujan Sempor Lereng Barat,Sempor,109.51496,-7.56868,103.0,5.4
2020-01-10,ST_30,Pos Hujan Alian Perbukitan,Alian,109.68851,-7.63141,69.0,6.9
2020-01-11,ST_01,Pos Hujan Ayah Pesisir,Ayah,109.43969,-7.69769,350.0,19.4
2020-01-11,ST_02,Pos Hujan Buayan,Buayan,109.47271,-7.64872,159.0,15.4
2020-01-11,ST_03,Pos Hujan Rowokele,Rowokele,109.42121,-7.65175,17.0,19.3
2020-01-11,ST_04,Pos Hujan Sempor Waduk,Sempor,109.48118,-7.55757,78.0,14.3
2020-01-11,ST_05,Pos Hujan Sempor Hulu,Sempor,109.50092,-7.58426,25.0,13.6
2020-01-11,ST_06,Pos Hujan Gombong Kota,Gombong,109.52569,-7.63553,14.0,18.0
2020-01-11,ST_07,Pos Hujan Kuwarasan,Kuwarasan,109.50431,-7.67911,8.0,18.1
2020-01-11,ST_08,Pos Hujan Puring,Puring,109.51652,-7.70433,11.0,18.7
2020-01-11,ST_09,Pos Hujan Petanahan,Petanahan,109.57289,-7.73008,8.0,18.1
2020-01-11,ST_10,Pos Hujan Klirong,Klirong,109.63629,-7.78374,6.0,19.1
2020-01-11,ST_11,Pos Hujan Karanganyar,Karanganyar,109.58032,-7.63386,18.0,18.7
2020-01-11,ST_12,Pos Hujan Karanggayam Lereng,Karanggayam,109.59207,-7.60258,250.0,19.2
2020-01-11,ST_13,Pos Hujan Karanggayam Puncak,Karanggayam,109.63868,-7.5556,63.0,18.0
2020-01-11,ST_14,Pos Hujan Sadang Kulon,Sadang,109.70679,-7.49279,385.0,20.7
2020-01-11,ST_15,Pos Hujan Sadang Wetan,Sadang,109.7296,-7.52571,149.0,19.8
2020-01-11,ST_16,Pos Hujan Pejagoan,Pejagoan,109.66435,-7.58315,130.0,16.2
2020-01-11,ST_17,Stasiun Klimatologi Kebumen Kota,Kebumen,109.67162,-7.70396,15.0,17.5
2020-01-11,ST_18,Pos Hujan Alian,Alian,109.68469,-7.62856,34.0,17.3
2020-01-11,ST_19,Pos Hujan Padureso Waduk,Padureso,109.76825,-7.61473,144.0,19.2
2020-01-11,ST_20,Pos Hujan Wadaslintang Bendungan,Wadaslintang,109.81835,-7.72027,8.0,17.2
2020-01-11,ST_21,Pos Hujan Poncowarno,Poncowarno,109.76215,-7.641,139.0,12.9
2020-01-11,ST_22,Pos Hujan Kutowinangun,Kutowinangun,109.76918,-7.72765,10.0,14.8
2020-01-11,ST_23,Pos Hujan Prembun,Prembun,109.79275,-7.72654,11.0,16.4
2020-01-11,ST_24,Pos Hujan Bonorowo,Bonorowo,109.83178,-7.75192,10.0,16.3
2020-01-11,ST_25,Pos Hujan Mirit,Mirit,109.77948,-7.79442,20.0,16.8
2020-01-11,ST_26,Pos Hujan Ambal,Ambal,109.75273,-7.75236,11.0,17.1
2020-01-11,ST_27,Pos Hujan Buluspesantren,Buluspesantren,109.7032,-7.74437,9.0,19.5
2020-01-11,ST_28,Pos Hujan Adimulyo,Adimulyo,109.57791,-7.67035,18.0,17.7
2020-01-11,ST_29,Pos Hujan Sempor Lereng Barat,Sempor,109.51496,-7.56868,103.0,17.8
2020-01-11,ST_30,Pos Hujan Alian Perbukitan,Alian,109.68851,-7.63141,69.0,14.4
2020-01-12,ST_01,Pos Hujan Ayah Pesisir,Ayah,109.43969,-7.69769,350.0,0.4
2020-01-12,ST_02,Pos Hujan Buayan,Buayan,109.47271,-7.64872,159.0,0.0
2020-01-12,ST_03,Pos Hujan Rowokele,Rowokele,109.42121,-7.65175,17.0,0.0
2020-01-12,ST_04,Pos Hujan Sempor Waduk,Sempor,109.48118,-7.55757,78.0,0.0
2020-01-12,ST_05,Pos Hujan Sempor Hulu,Sempor,109.50092,-7.58426,25.0,0.0
2020-01-12,ST_06,Pos Hujan Gombong Kota,Gombong,109.52569,-7.63553,14.0,0.0
2020-01-12,ST_07,Pos Hujan Kuwarasan,Kuwarasan,109.50431,-7.67911,8.0,0.3
2020-01-12,ST_08,Pos Hujan Puring,Puring,109.51652,-7.70433,11.0,0.0
2020-01-12,ST_09,Pos Hujan Petanahan,Petanahan,109.57289,-7.73008,8.0,0.0
2020-01-12,ST_10,Pos Hujan Klirong,Klirong,109.63629,-7.78374,6.0,0.0
2020-01-12,ST_11,Pos Hujan Karanganyar,Karanganyar,109.58032,-7.63386,18.0,0.0
2020-01-12,ST_12,Pos Hujan Karanggayam Lereng,Karanggayam,109.59207,-7.60258,250.0,0.0
2020-01-12,ST_13,Pos Hujan Karanggayam Puncak,Karanggayam,109.63868,-7.5556,63.0,0.0
2020-01-12,ST_14,Pos Hujan Sadang Kulon,Sadang,109.70679,-7.49279,385.0,0.0
2020-01-12,ST_15,Pos Hujan Sadang Wetan,Sadang,109.7296,-7.52571,149.0,0.0
2020-01-12,ST_16,Pos Hujan Pejagoan,Pejagoan,109.66435,-7.58315,130.0,0.1
2020-01-12,ST_17,Stasiun Klimatologi Kebumen Kota,Kebumen,109.67162,-7.70396,15.0,0.0
2020-01-12,ST_18,Pos Hujan Alian,Alian,109.68469,-7.62856,34.0,0.0
2020-01-12,ST_19,Pos Hujan Padureso Waduk,Padureso,109.76825,-7.61473,144.0,0.0
2020-01-12,ST_20,Pos Hujan Wadaslintang Bendungan,Wadaslintang,109.81835,-7.72027,8.0,0.0
2020-01-12,ST_21,Pos Hujan Poncowarno,Poncowarno,109.76215,-7.641,139.0,0.1
2020-01-12,ST_22,Pos Hujan Kutowinangun,Kutowinangun,109.76918,-7.72765,10.0,0.0
2020-01-12,ST_23,Pos Hujan Prembun,Prembun,109.79275,-7.72654,11.0,0.0
2020-01-12,ST_24,Pos Hujan Bonorowo,Bonorowo,109.83178,-7.75192,10.0,0.0
2020-01-12,ST_25,Pos Hujan Mirit,Mirit,109.77948,-7.79442,20.0,0.0
2020-01-12,ST_26,Pos Hujan Ambal,Ambal,109.75273,-7.75236,11.0,0.0
2020-01-12,ST_27,Pos Hujan Buluspesantren,Buluspesantren,109.7032,-7.74437,9.0,0.0
2020-01-12,ST_28,Pos Hujan Adimulyo,Adimulyo,109.57791,-7.67035,18.0,0.0
2020-01-12,ST_29,Pos Hujan Sempor Lereng Barat,Sempor,109.51496,-7.56868,103.0,0.0
2020-01-12,ST_30,Pos Hujan Alian Perbukitan,Alian,109.68851,-7.63141,69.0,0.0
2020-01-13,ST_01,Pos Hujan Ayah Pesisir,Ayah,109.43969,-7.69769,350.0,0.8
2020-01-13,ST_02,Pos Hujan Buayan,Buayan,109.47271,-7.64872,159.0,0.7
2020-01-13,ST_03,Pos Hujan Rowokele,Rowokele,109.42121,-7.65175,17.0,0.6
2020-01-13,ST_04,Pos Hujan Sempor Waduk,Sempor,109.48118,-7.55757,78.0,0.8
2020-01-13,ST_05,Pos Hujan Sempor Hulu,Sempor,109.50092,-7.58426,25.0,0.6
2020-01-13,ST_06,Pos Hujan Gombong Kota,Gombong,109.52569,-7.63553,14.0,0.5
2020-01-13,ST_07,Pos Hujan Kuwarasan,Kuwarasan,109.50431,-7.67911,8.0,0.6
2020-01-13,ST_08,Pos Hujan Puring,Puring,109.51652,-7.70433,11.0,0.7
2020-01-13,ST_09,Pos Hujan Petanahan,Petanahan,109.57289,-7.73008,8.0,0.7
2020-01-13,ST_10,Pos Hujan Klirong,Klirong,109.63629,-7.78374,6.0,0.5
2020-01-13,ST_11,Pos Hujan Karanganyar,Karanganyar,109.58032,-7.63386,18.0,0.6
2020-01-13,ST_12,Pos Hujan Karanggayam Lereng,Karanggayam,109.59207,-7.60258,250.0,0.7
2020-01-13,ST_13,Pos Hujan Karanggayam Puncak,Karanggayam,109.63868,-7.5556,63.0,0.6
2020-01-13,ST_14,Pos Hujan Sadang Kulon,Sadang,109.70679,-7.49279,385.0,0.9
2020-01-13,ST_15,Pos Hujan Sadang Wetan,Sadang,109.7296,-7.52571,149.0,0.8
2020-01-13,ST_16,Pos Hujan Pejagoan,Pejagoan,109.66435,-7.58315,130.0,0.7
2020-01-13,ST_17,Stasiun Klimatologi Kebumen Kota,Kebumen,109.67162,-7.70396,15.0,0.8
2020-01-13,ST_18,Pos Hujan Alian,Alian,109.68469,-7.62856,34.0,0.6
2020-01-13,ST_19,Pos Hujan Padureso Waduk,Padureso,109.76825,-7.61473,144.0,0.7
2020-01-13,ST_20,Pos Hujan Wadaslintang Bendungan,Wadaslintang,109.81835,-7.72027,8.0,0.6
2020-01-13,ST_21,Pos Hujan Poncowarno,Poncowarno,109.76215,-7.641,139.0,0.6
2020-01-13,ST_22,Pos Hujan Kutowinangun,Kutowinangun,109.76918,-7.72765,10.0,0.6
2020-01-13,ST_23,Pos Hujan Prembun,Prembun,109.79275,-7.72654,11.0,0.5
2020-01-13,ST_24,Pos Hujan Bonorowo,Bonorowo,109.83178,-7.75192,10.0,0.6
2020-01-13,ST_25,Pos Hujan Mirit,Mirit,109.77948,-7.79442,20.0,0.6
2020-01-13,ST_26,Pos Hujan Ambal,Ambal,109.75273,-7.75236,11.0,0.5
2020-01-13,ST_27,Pos Hujan Buluspesantren,Buluspesantren,109.7032,-7.74437,9.0,0.6
2020-01-13,ST_28,Pos Hujan Adimulyo,Adimulyo,109.57791,-7.67035,18.0,0.6
2020-01-13,ST_29,Pos Hujan Sempor Lereng Barat,Sempor,109.51496,-7.56868,103.0,0.7
2020-01-13,ST_30,Pos Hujan Alian Perbukitan,Alian,109.68851,-7.63141,69.0,0.8
2020-01-14,ST_01,Pos Hujan Ayah Pesisir,Ayah,109.43969,-7.69769,350.0,8.8
2020-01-14,ST_02,Pos Hujan Buayan,Buayan,109.47271,-7.64872,159.0,6.9
2020-01-14,ST_03,Pos Hujan Rowokele,Rowokele,109.42121,-7.65175,17.0,6.3
2020-01-14,ST_04,Pos Hujan Sempor Waduk,Sempor,109.48118,-7.55757,78.0,7.9
2020-01-14,ST_05,Pos Hujan Sempor Hulu,Sempor,109.50092,-7.58426,25.0,6.7
2020-01-14,ST_06,Pos Hujan Gombong Kota,Gombong,109.52569,-7.63553,14.0,5.9
2020-01-14,ST_07,Pos Hujan Kuwarasan,Kuwarasan,109.50431,-7.67911,8.0,8.8
2020-01-14,ST_08,Pos Hujan Puring,Puring,109.51652,-7.70433,11.0,6.5
2020-01-14,ST_09,Pos Hujan Petanahan,Petanahan,109.57289,-7.73008,8.0,6.2
2020-01-14,ST_10,Pos Hujan Klirong,Klirong,109.63629,-7.78374,6.0,4.8
2020-01-14,ST_11,Pos Hujan Karanganyar,Karanganyar,109.58032,-7.63386,18.0,7.7
2020-01-14,ST_12,Pos Hujan Karanggayam Lereng,Karanggayam,109.59207,-7.60258,250.0,6.9
2020-01-14,ST_13,Pos Hujan Karanggayam Puncak,Karanggayam,109.63868,-7.5556,63.0,7.4
2020-01-14,ST_14,Pos Hujan Sadang Kulon,Sadang,109.70679,-7.49279,385.0,9.7
2020-01-14,ST_15,Pos Hujan Sadang Wetan,Sadang,109.7296,-7.52571,149.0,6.8
2020-01-14,ST_16,Pos Hujan Pejagoan,Pejagoan,109.66435,-7.58315,130.0,7.6
2020-01-14,ST_17,Stasiun Klimatologi Kebumen Kota,Kebumen,109.67162,-7.70396,15.0,8.0
2020-01-14,ST_18,Pos Hujan Alian,Alian,109.68469,-7.62856,34.0,5.0
2020-01-14,ST_19,Pos Hujan Padureso Waduk,Padureso,109.76825,-7.61473,144.0,6.7
2020-01-14,ST_20,Pos Hujan Wadaslintang Bendungan,Wadaslintang,109.81835,-7.72027,8.0,6.0
2020-01-14,ST_21,Pos Hujan Poncowarno,Poncowarno,109.76215,-7.641,139.0,7.2
2020-01-14,ST_22,Pos Hujan Kutowinangun,Kutowinangun,109.76918,-7.72765,10.0,6.7
2020-01-14,ST_23,Pos Hujan Prembun,Prembun,109.79275,-7.72654,11.0,5.8
2020-01-14,ST_24,Pos Hujan Bonorowo,Bonorowo,109.83178,-7.75192,10.0,6.1
2020-01-14,ST_25,Pos Hujan Mirit,Mirit,109.77948,-7.79442,20.0,5.9
2020-01-14,ST_26,Pos Hujan Ambal,Ambal,109.75273,-7.75236,11.0,6.4
2020-01-14,ST_27,Pos Hujan Buluspesantren,Buluspesantren,109.7032,-7.74437,9.0,6.8
2020-01-14,ST_28,Pos Hujan Adimulyo,Adimulyo,109.57791,-7.67035,18.0,7.6
2020-01-14,ST_29,Pos Hujan Sempor Lereng Barat,Sempor,109.51496,-7.56868,103.0,8.4
2020-01-14,ST_30,Pos Hujan Alian Perbukitan,Alian,109.68851,-7.63141,69.0,7.7
2020-01-15,ST_01,Pos Hujan Ayah Pesisir,Ayah,109.43969,-7.69769,350.0,0.0
2020-01-15,ST_02,Pos Hujan Buayan,Buayan,109.47271,-7.64872,159.0,0.3
2020-01-15,ST_03,Pos Hujan Rowokele,Rowokele,109.42121,-7.65175,17.0,0.0
2020-01-15,ST_04,Pos Hujan Sempor Waduk,Sempor,109.48118,-7.55757,78.0,0.0
2020-01-15,ST_05,Pos Hujan Sempor Hulu,Sempor,109.50092,-7.58426,25.0,0.0
2020-01-15,ST_06,Pos Hujan Gombong Kota,Gombong,109.52569,-7.63553,14.0,0.2
2020-01-15,ST_07,Pos Hujan Kuwarasan,Kuwarasan,109.50431,-7.67911,8.0,0.0
2020-01-15,ST_08,Pos Hujan Puring,Puring,109.51652,-7.70433,11.0,0.0
2020-01-15,ST_09,Pos Hujan Petanahan,Petanahan,109.57289,-7.73008,8.0,0.0
2020-01-15,ST_10,Pos Hujan Klirong,Klirong,109.63629,-7.78374,6.0,0.0
2020-01-15,ST_11,Pos Hujan Karanganyar,Karanganyar,109.58032,-7.63386,18.0,0.0
2020-01-15,ST_12,Pos Hujan Karanggayam Lereng,Karanggayam,109.59207,-7.60258,250.0,0.0
2020-01-15,ST_13,Pos Hujan Karanggayam Puncak,Karanggayam,109.63868,-7.5556,63.0,0.0
2020-01-15,ST_14,Pos Hujan Sadang Kulon,Sadang,109.70679,-7.49279,385.0,0.1
2020-01-15,ST_15,Pos Hujan Sadang Wetan,Sadang,109.7296,-7.52571,149.0,0.0
2020-01-15,ST_16,Pos Hujan Pejagoan,Pejagoan,109.66435,-7.58315,130.0,0.0
2020-01-15,ST_17,Stasiun Klimatologi Kebumen Kota,Kebumen,109.67162,-7.70396,15.0,0.0
2020-01-15,ST_18,Pos Hujan Alian,Alian,109.68469,-7.62856,34.0,0.0
2020-01-15,ST_19,Pos Hujan Padureso Waduk,Padureso,109.76825,-7.61473,144.0,0.0
2020-01-15,ST_20,Pos Hujan Wadaslintang Bendungan,Wadaslintang,109.81835,-7.72027,8.0,0.0
2020-01-15,ST_21,Pos Hujan Poncowarno,Poncowarno,109.76215,-7.641,139.0,0.3
2020-01-15,ST_22,Pos Hujan Kutowinangun,Kutowinangun,109.76918,-7.72765,10.0,0.0
2020-01-15,ST_23,Pos Hujan Prembun,Prembun,109.79275,-7.72654,11.0,0.0
2020-01-15,ST_24,Pos Hujan Bonorowo,Bonorowo,109.83178,-7.75192,10.0,0.2
2020-01-15,ST_25,Pos Hujan Mirit,Mirit,109.77948,-7.79442,20.0,0.0
2020-01-15,ST_26,Pos Hujan Ambal,Ambal,109.75273,-7.75236,11.0,0.0
2020-01-15,ST_27,Pos Hujan Buluspesantren,Buluspesantren,109.7032,-7.74437,9.0,0.0
2020-01-15,ST_28,Pos Hujan Adimulyo,Adimulyo,109.57791,-7.67035,18.0,0.0
2020-01-15,ST_29,Pos Hujan Sempor Lereng Barat,Sempor,109.51496,-7.56868,103.0,0.0
2020-01-15,ST_30,Pos Hujan Alian Perbukitan,Alian,109.68851,-7.63141,69.0,0.0
2020-01-16,ST_01,Pos Hujan Ayah Pesisir,Ayah,109.43969,-7.69769,350.0,3.8
2020-01-16,ST_02,Pos Hujan Buayan,Buayan,109.47271,-7.64872,159.0,3.8
2020-01-16,ST_03,Pos Hujan Rowokele,Rowokele,109.42121,-7.65175,17.0,2.6
2020-01-16,ST_04,Pos Hujan Sempor Waduk,Sempor,109.48118,-7.55757,78.0,3.7
2020-01-16,ST_05,Pos Hujan Sempor Hulu,Sempor,109.50092,-7.58426,25.0,3.1
2020-01-16,ST_06,Pos Hujan Gombong Kota,Gombong,109.52569,-7.63553,14.0,3.5
2020-01-16,ST_07,Pos Hujan Kuwarasan,Kuwarasan,109.50431,-7.67911,8.0,2.9
2020-01-16,ST_08,Pos Hujan Puring,Puring,109.51652,-7.70433,11.0,2.5
2020-01-16,ST_09,Pos Hujan Petanahan,Petanahan,109.57289,-7.73008,8.0,2.6
2020-01-16,ST_10,Pos Hujan Klirong,Klirong,109.63629,-7.78374,6.0,3.1
2020-01-16,ST_11,Pos Hujan Karanganyar,Karanganyar,109.58032,-7.63386,18.0,3.4
2020-01-16,ST_12,Pos Hujan Karanggayam Lereng,Karanggayam,109.59207,-7.60258,250.0,3.3
2020-01-16,ST_13,Pos Hujan Karanggayam Puncak,Karanggayam,109.63868,-7.5556,63.0,3.8
2020-01-16,ST_14,Pos Hujan Sadang Kulon,Sadang,109.70679,-7.49279,385.0,3.3
2020-01-16,ST_15,Pos Hujan Sadang Wetan,Sadang,109.7296,-7.52571,149.0,3.6
2020-01-16,ST_16,Pos Hujan Pejagoan,Pejagoan,109.66435,-7.58315,130.0,3.0
2020-01-16,ST_17,Stasiun Klimatologi Kebumen Kota,Kebumen,109.67162,-7.70396,15.0,3.0
2020-01-16,ST_18,Pos Hujan Alian,Alian,109.68469,-7.62856,34.0,3.4
2020-01-16,ST_19,Pos Hujan Padureso Waduk,Padureso,109.76825,-7.61473,144.0,3.2
2020-01-16,ST_20,Pos Hujan Wadaslintang Bendungan,Wadaslintang,109.81835,-7.72027,8.0,3.0
2020-01-16,ST_21,Pos Hujan Poncowarno,Poncowarno,109.76215,-7.641,139.0,3.9
2020-01-16,ST_22,Pos Hujan Kutowinangun,Kutowinangun,109.76918,-7.72765,10.0,3.0
2020-01-16,ST_23,Pos Hujan Prembun,Prembun,109.79275,-7.72654,11.0,3.5
2020-01-16,ST_24,Pos Hujan Bonorowo,Bonorowo,109.83178,-7.75192,10.0,2.7
2020-01-16,ST_25,Pos Hujan Mirit,Mirit,109.77948,-7.79442,20.0,3.3
2020-01-16,ST_26,Pos Hujan Ambal,Ambal,109.75273,-7.75236,11.0,3.7
2020-01-16,ST_27,Pos Hujan Buluspesantren,Buluspesantren,109.7032,-7.74437,9.0,2.2
2020-01-16,ST_28,Pos Hujan Adimulyo,Adimulyo,109.57791,-7.67035,18.0,3.0
2020-01-16,ST_29,Pos Hujan Sempor Lereng Barat,Sempor,109.51496,-7.56868,103.0,3.8
2020-01-16,ST_30,Pos Hujan Alian Perbukitan,Alian,109.68851,-7.63141,69.0,3.3
2020-01-17,ST_01,Pos Hujan Ayah Pesisir,Ayah,109.43969,-7.69769,350.0,2.7
2020-01-17,ST_02,Pos Hujan Buayan,Buayan,109.47271,-7.64872,159.0,2.2
2020-01-17,ST_03,Pos Hujan Rowokele,Rowokele,109.42121,-7.65175,17.0,2.3
2020-01-17,ST_04,Pos Hujan Sempor Waduk,Sempor,109.48118,-7.55757,78.0,2.4
2020-01-17,ST_05,Pos Hujan Sempor Hulu,Sempor,109.50092,-7.58426,25.0,2.6
2020-01-17,ST_06,Pos Hujan Gombong Kota,Gombong,109.52569,-7.63553,14.0,2.3
2020-01-17,ST_07,Pos Hujan Kuwarasan,Kuwarasan,109.50431,-7.67911,8.0,2.3
2020-01-17,ST_08,Pos Hujan Puring,Puring,109.51652,-7.70433,11.0,2.1
2020-01-17,ST_09,Pos Hujan Petanahan,Petanahan,109.57289,-7.73008,8.0,2.0
2020-01-17,ST_10,Pos Hujan Klirong,Klirong,109.63629,-7.78374,6.0,2.0
2020-01-17,ST_11,Pos Hujan Karanganyar,Karanganyar,109.58032,-7.63386,18.0,2.4
2020-01-17,ST_12,Pos Hujan Karanggayam Lereng,Karanggayam,109.59207,-7.60258,250.0,2.4
2020-01-17,ST_13,Pos Hujan Karanggayam Puncak,Karanggayam,109.63868,-7.5556,63.0,2.5
2020-01-17,ST_14,Pos Hujan Sadang Kulon,Sadang,109.70679,-7.49279,385.0,3.5
2020-01-17,ST_15,Pos Hujan Sadang Wetan,Sadang,109.7296,-7.52571,149.0,2.8
2020-01-17,ST_16,Pos Hujan Pejagoan,Pejagoan,109.66435,-7.58315,130.0,2.3
2020-01-17,ST_17,Stasiun Klimatologi Kebumen Kota,Kebumen,109.67162,-7.70396,15.0,2.5
2020-01-17,ST_18,Pos Hujan Alian,Alian,109.68469,-7.62856,34.0,2.2
2020-01-17,ST_19,Pos Hujan Padureso Waduk,Padureso,109.76825,-7.61473,144.0,1.8
2020-01-17,ST_20,Pos Hujan Wadaslintang Bendungan,Wadaslintang,109.81835,-7.72027,8.0,1.9
2020-01-17,ST_21,Pos Hujan Poncowarno,Poncowarno,109.76215,-7.641,139.0,1.9
2020-01-17,ST_22,Pos Hujan Kutowinangun,Kutowinangun,109.76918,-7.72765,10.0,2.1
2020-01-17,ST_23,Pos Hujan Prembun,Prembun,109.79275,-7.72654,11.0,2.2
2020-01-17,ST_24,Pos Hujan Bonorowo,Bonorowo,109.83178,-7.75192,10.0,2.6
2020-01-17,ST_25,Pos Hujan Mirit,Mirit,109.77948,-7.79442,20.0,2.2
2020-01-17,ST_26,Pos Hujan Ambal,Ambal,109.75273,-7.75236,11.0,2.1
2020-01-17,ST_27,Pos Hujan Buluspesantren,Buluspesantren,109.7032,-7.74437,9.0,2.4
2020-01-17,ST_28,Pos Hujan Adimulyo,Adimulyo,109.57791,-7.67035,18.0,1.6
2020-01-17,ST_29,Pos Hujan Sempor Lereng Barat,Sempor,109.51496,-7.56868,103.0,2.5
2020-01-17,ST_30,Pos Hujan Alian Perbukitan,Alian,109.68851,-7.63141,69.0,2.5
2020-01-18,ST_01,Pos Hujan Ayah Pesisir,Ayah,109.43969,-7.69769,350.0,0.4
2020-01-18,ST_02,Pos Hujan Buayan,Buayan,109.47271,-7.64872,159.0,0.0
2020-01-18,ST_03,Pos Hujan Rowokele,Rowokele,109.42121,-7.65175,17.0,0.0
2020-01-18,ST_04,Pos Hujan Sempor Waduk,Sempor,109.48118,-7.55757,78.0,0.3
2020-01-18,ST_05,Pos Hujan Sempor Hulu,Sempor,109.50092,-7.58426,25.0,0.0
2020-01-18,ST_06,Pos Hujan Gombong Kota,Gombong,109.52569,-7.63553,14.0,0.0
2020-01-18,ST_07,Pos Hujan Kuwarasan,Kuwarasan,109.50431,-7.67911,8.0,0.0
2020-01-18,ST_08,Pos Hujan Puring,Puring,109.51652,-7.70433,11.0,0.0
2020-01-18,ST_09,Pos Hujan Petanahan,Petanahan,109.57289,-7.73008,8.0,0.0
2020-01-18,ST_10,Pos Hujan Klirong,Klirong,109.63629,-7.78374,6.0,0.0
2020-01-18,ST_11,Pos Hujan Karanganyar,Karanganyar,109.58032,-7.63386,18.0,0.0
2020-01-18,ST_12,Pos Hujan Karanggayam Lereng,Karanggayam,109.59207,-7.60258,250.0,0.0
2020-01-18,ST_13,Pos Hujan Karanggayam Puncak,Karanggayam,109.63868,-7.5556,63.0,0.3
2020-01-18,ST_14,Pos Hujan Sadang Kulon,Sadang,109.70679,-7.49279,385.0,0.0
2020-01-18,ST_15,Pos Hujan Sadang Wetan,Sadang,109.7296,-7.52571,149.0,0.0
2020-01-18,ST_16,Pos Hujan Pejagoan,Pejagoan,109.66435,-7.58315,130.0,0.0
2020-01-18,ST_17,Stasiun Klimatologi Kebumen Kota,Kebumen,109.67162,-7.70396,15.0,0.0
2020-01-18,ST_18,Pos Hujan Alian,Alian,109.68469,-7.62856,34.0,0.4
2020-01-18,ST_19,Pos Hujan Padureso Waduk,Padureso,109.76825,-7.61473,144.0,0.2
2020-01-18,ST_20,Pos Hujan Wadaslintang Bendungan,Wadaslintang,109.81835,-7.72027,8.0,0.0
2020-01-18,ST_21,Pos Hujan Poncowarno,Poncowarno,109.76215,-7.641,139.0,0.2
2020-01-18,ST_22,Pos Hujan Kutowinangun,Kutowinangun,109.76918,-7.72765,10.0,0.0
2020-01-18,ST_23,Pos Hujan Prembun,Prembun,109.79275,-7.72654,11.0,0.0
2020-01-18,ST_24,Pos Hujan Bonorowo,Bonorowo,109.83178,-7.75192,10.0,0.0
2020-01-18,ST_25,Pos Hujan Mirit,Mirit,109.77948,-7.79442,20.0,0.0
2020-01-18,ST_26,Pos Hujan Ambal,Ambal,109.75273,-7.75236,11.0,0.0
2020-01-18,ST_27,Pos Hujan Buluspesantren,Buluspesantren,109.7032,-7.74437,9.0,0.0
2020-01-18,ST_28,Pos Hujan Adimulyo,Adimulyo,109.57791,-7.67035,18.0,0.0
2020-01-18,ST_29,Pos Hujan Sempor Lereng Barat,Sempor,109.51496,-7.56868,103.0,0.0
2020-01-18,ST_30,Pos Hujan Alian Perbukitan,Alian,109.68851,-7.63141,69.0,0.0
2020-01-19,ST_01,Pos Hujan Ayah Pesisir,Ayah,109.43969,-7.69769,350.0,0.7
2020-01-19,ST_02,Pos Hujan Buayan,Buayan,109.47271,-7.64872,159.0,0.9
2020-01-19,ST_03,Pos Hujan Rowokele,Rowokele,109.42121,-7.65175,17.0,0.8
2020-01-19,ST_04,Pos Hujan Sempor Waduk,Sempor,109.48118,-7.55757,78.0,0.8
2020-01-19,ST_05,Pos Hujan Sempor Hulu,Sempor,109.50092,-7.58426,25.0,0.8
2020-01-19,ST_06,Pos Hujan Gombong Kota,Gombong,109.52569,-7.63553,14.0,0.6
2020-01-19,ST_07,Pos Hujan Kuwarasan,Kuwarasan,109.50431,-7.67911,8.0,0.9
2020-01-19,ST_08,Pos Hujan Puring,Puring,109.51652,-7.70433,11.0,0.7
2020-01-19,ST_09,Pos Hujan Petanahan,Petanahan,109.57289,-7.73008,8.0,0.7
2020-01-19,ST_10,Pos Hujan Klirong,Klirong,109.63629,-7.78374,6.0,0.8
2020-01-19,ST_11,Pos Hujan Karanganyar,Karanganyar,109.58032,-7.63386,18.0,0.8
2020-01-19,ST_12,Pos Hujan Karanggayam Lereng,Karanggayam,109.59207,-7.60258,250.0,0.9
2020-01-19,ST_13,Pos Hujan Karanggayam Puncak,Karanggayam,109.63868,-7.5556,63.0,0.7
2020-01-19,ST_14,Pos Hujan Sadang Kulon,Sadang,109.70679,-7.49279,385.0,1.0
2020-01-19,ST_15,Pos Hujan Sadang Wetan,Sadang,109.7296,-7.52571,149.0,1.0
2020-01-19,ST_16,Pos Hujan Pejagoan,Pejagoan,109.66435,-7.58315,130.0,0.9
2020-01-19,ST_17,Stasiun Klimatologi Kebumen Kota,Kebumen,109.67162,-7.70396,15.0,0.9
2020-01-19,ST_18,Pos Hujan Alian,Alian,109.68469,-7.62856,34.0,0.7
2020-01-19,ST_19,Pos Hujan Padureso Waduk,Padureso,109.76825,-7.61473,144.0,0.7
2020-01-19,ST_20,Pos Hujan Wadaslintang Bendungan,Wadaslintang,109.81835,-7.72027,8.0,0.7
2020-01-19,ST_21,Pos Hujan Poncowarno,Poncowarno,109.76215,-7.641,139.0,0.8
2020-01-19,ST_22,Pos Hujan Kutowinangun,Kutowinangun,109.76918,-7.72765,10.0,0.8
2020-01-19,ST_23,Pos Hujan Prembun,Prembun,109.79275,-7.72654,11.0,0.6
2020-01-19,ST_24,Pos Hujan Bonorowo,Bonorowo,109.83178,-7.75192,10.0,0.8
2020-01-19,ST_25,Pos Hujan Mirit,Mirit,109.77948,-7.79442,20.0,0.7
2020-01-19,ST_26,Pos Hujan Ambal,Ambal,109.75273,-7.75236,11.0,0.7
2020-01-19,ST_27,Pos Hujan Buluspesantren,Buluspesantren,109.7032,-7.74437,9.0,0.6
2020-01-19,ST_28,Pos Hujan Adimulyo,Adimulyo,109.57791,-7.67035,18.0,0.6
2020-01-19,ST_29,Pos Hujan Sempor Lereng Barat,Sempor,109.51496,-7.56868,103.0,0.9
2020-01-19,ST_30,Pos Hujan Alian Perbukitan,Alian,109.68851,-7.63141,69.0,0.8
2020-01-20,ST_01,Pos Hujan Ayah Pesisir,Ayah,109.43969,-7.69769,350.0,1.4
2020-01-20,ST_02,Pos Hujan Buayan,Buayan,109.47271,-7.64872,159.0,1.3
2020-01-20,ST_03,Pos Hujan Rowokele,Rowokele,109.42121,-7.65175,17.0,1.3
2020-01-20,ST_04,Pos Hujan Sempor Waduk,Sempor,109.48118,-7.55757,78.0,1.8
2020-01-20,ST_05,Pos Hujan Sempor Hulu,Sempor,109.50092,-7.58426,25.0,1.4
2020-01-20,ST_06,Pos Hujan Gombong Kota,Gombong,109.52569,-7.63553,14.0,1.2
2020-01-20,ST_07,Pos Hujan Kuwarasan,Kuwarasan,109.50431,-7.67911,8.0,1.3
2020-01-20,ST_08,Pos Hujan Puring,Puring,109.51652,-7.70433,11.0,1.3
2020-01-20,ST_09,Pos Hujan Petanahan,Petanahan,109.57289,-7.73008,8.0,0.9
2020-01-20,ST_10,Pos Hujan Klirong,Klirong,109.63629,-7.78374,6.0,1.3
2020-01-20,ST_11,Pos Hujan Karanganyar,Karanganyar,109.58032,-7.63386,18.0,1.4
2020-01-20,ST_12,Pos Hujan Karanggayam Lereng,Karanggayam,109.59207,-7.60258,250.0,1.7
2020-01-20,ST_13,Pos Hujan Karanggayam Puncak,Karanggayam,109.63868,-7.5556,63.0,1.8
2020-01-20,ST_14,Pos Hujan Sadang Kulon,Sadang,109.70679,-7.49279,385.0,2.0
2020-01-20,ST_15,Pos Hujan Sadang Wetan,Sadang,109.7296,-7.52571,149.0,1.5
2020-01-20,ST_16,Pos Hujan Pejagoan,Pejagoan,109.66435,-7.58315,130.0,1.3
2020-01-20,ST_17,Stasiun Klimatologi Kebumen Kota,Kebumen,109.67162,-7.70396,15.0,1.8
2020-01-20,ST_18,Pos Hujan Alian,Alian,109.68469,-7.62856,34.0,1.4
2020-01-20,ST_19,Pos Hujan Padureso Waduk,Padureso,109.76825,-7.61473,144.0,1.5
2020-01-20,ST_20,Pos Hujan Wadaslintang Bendungan,Wadaslintang,109.81835,-7.72027,8.0,1.4
2020-01-20,ST_21,Pos Hujan Poncowarno,Poncowarno,109.76215,-7.641,139.0,1.5
2020-01-20,ST_22,Pos Hujan Kutowinangun,Kutowinangun,109.76918,-7.72765,10.0,1.3
2020-01-20,ST_23,Pos Hujan Prembun,Prembun,109.79275,-7.72654,11.0,1.3
2020-01-20,ST_24,Pos Hujan Bonorowo,Bonorowo,109.83178,-7.75192,10.0,1.3
2020-01-20,ST_25,Pos Hujan Mirit,Mirit,109.77948,-7.79442,20.0,1.3
2020-01-20,ST_26,Pos Hujan Ambal,Ambal,109.75273,-7.75236,11.0,1.3
2020-01-20,ST_27,Pos Hujan Buluspesantren,Buluspesantren,109.7032,-7.74437,9.0,1.2
2020-01-20,ST_28,Pos Hujan Adimulyo,Adimulyo,109.57791,-7.67035,18.0,1.4
2020-01-20,ST_29,Pos Hujan Sempor Lereng Barat,Sempor,109.51496,-7.56868,103.0,1.5
2020-01-20,ST_30,Pos Hujan Alian Perbukitan,Alian,109.68851,-7.63141,69.0,1.7
2020-01-21,ST_01,Pos Hujan Ayah Pesisir,Ayah,109.43969,-7.69769,350.0,8.7
2020-01-21,ST_02,Pos Hujan Buayan,Buayan,109.47271,-7.64872,159.0,13.4
2020-01-21,ST_03,Pos Hujan Rowokele,Rowokele,109.42121,-7.65175,17.0,12.6
2020-01-21,ST_04,Pos Hujan Sempor Waduk,Sempor,109.48118,-7.55757,78.0,8.8
2020-01-21,ST_05,Pos Hujan Sempor Hulu,Sempor,109.50092,-7.58426,25.0,10.9
2020-01-21,ST_06,Pos Hujan Gombong Kota,Gombong,109.52569,-7.63553,14.0,10.6
2020-01-21,ST_07,Pos Hujan Kuwarasan,Kuwarasan,109.50431,-7.67911,8.0,9.0
2020-01-21,ST_08,Pos Hujan Puring,Puring,109.51652,-7.70433,11.0,9.7
2020-01-21,ST_09,Pos Hujan Petanahan,Petanahan,109.57289,-7.73008,8.0,9.2
2020-01-21,ST_10,Pos Hujan Klirong,Klirong,109.63629,-7.78374,6.0,12.6
2020-01-21,ST_11,Pos Hujan Karanganyar,Karanganyar,109.58032,-7.63386,18.0,12.3
2020-01-21,ST_12,Pos Hujan Karanggayam Lereng,Karanggayam,109.59207,-7.60258,250.0,14.4
2020-01-21,ST_13,Pos Hujan Karanggayam Puncak,Karanggayam,109.63868,-7.5556,63.0,12.7
2020-01-21,ST_14,Pos Hujan Sadang Kulon,Sadang,109.70679,-7.49279,385.0,11.9
2020-01-21,ST_15,Pos Hujan Sadang Wetan,Sadang,109.7296,-7.52571,149.0,11.5
2020-01-21,ST_16,Pos Hujan Pejagoan,Pejagoan,109.66435,-7.58315,130.0,12.6
2020-01-21,ST_17,Stasiun Klimatologi Kebumen Kota,Kebumen,109.67162,-7.70396,15.0,9.2
2020-01-21,ST_18,Pos Hujan Alian,Alian,109.68469,-7.62856,34.0,12.2
2020-01-21,ST_19,Pos Hujan Padureso Waduk,Padureso,109.76825,-7.61473,144.0,11.5
2020-01-21,ST_20,Pos Hujan Wadaslintang Bendungan,Wadaslintang,109.81835,-7.72027,8.0,10.2
2020-01-21,ST_21,Pos Hujan Poncowarno,Poncowarno,109.76215,-7.641,139.0,12.7
2020-01-21,ST_22,Pos Hujan Kutowinangun,Kutowinangun,109.76918,-7.72765,10.0,11.2
2020-01-21,ST_23,Pos Hujan Prembun,Prembun,109.79275,-7.72654,11.0,10.2
2020-01-21,ST_24,Pos Hujan Bonorowo,Bonorowo,109.83178,-7.75192,10.0,12.0
2020-01-21,ST_25,Pos Hujan Mirit,Mirit,109.77948,-7.79442,20.0,9.1
2020-01-21,ST_26,Pos Hujan Ambal,Ambal,109.75273,-7.75236,11.0,11.3
2020-01-21,ST_27,Pos Hujan Buluspesantren,Buluspesantren,109.7032,-7.74437,9.0,11.3
2020-01-21,ST_28,Pos Hujan Adimulyo,Adimulyo,109.57791,-7.67035,18.0,10.5
2020-01-21,ST_29,Pos Hujan Sempor Lereng Barat,Sempor,109.51496,-7.56868,103.0,12.3
2020-01-21,ST_30,Pos Hujan Alian Perbukitan,Alian,109.68851,-7.63141,69.0,9.7
2020-01-22,ST_01,Pos Hujan Ayah Pesisir,Ayah,109.43969,-7.69769,350.0,0.0
2020-01-22,ST_02,Pos Hujan Buayan,Buayan,109.47271,-7.64872,159.0,0.0
2020-01-22,ST_03,Pos Hujan Rowokele,Rowokele,109.42121,-7.65175,17.0,0.0
2020-01-22,ST_04,Pos Hujan Sempor Waduk,Sempor,109.48118,-7.55757,78.0,0.0
2020-01-22,ST_05,Pos Hujan Sempor Hulu,Sempor,109.50092,-7.58426,25.0,0.0
2020-01-22,ST_06,Pos Hujan Gombong Kota,Gombong,109.52569,-7.63553,14.0,0.0
2020-01-22,ST_07,Pos Hujan Kuwarasan,Kuwarasan,109.50431,-7.67911,8.0,0.0
2020-01-22,ST_08,Pos Hujan Puring,Puring,109.51652,-7.70433,11.0,0.0
2020-01-22,ST_09,Pos Hujan Petanahan,Petanahan,109.57289,-7.73008,8.0,0.0
2020-01-22,ST_10,Pos Hujan Klirong,Klirong,109.63629,-7.78374,6.0,0.0
2020-01-22,ST_11,Pos Hujan Karanganyar,Karanganyar,109.58032,-7.63386,18.0,0.0
2020-01-22,ST_12,Pos Hujan Karanggayam Lereng,Karanggayam,109.59207,-7.60258,250.0,0.0
2020-01-22,ST_13,Pos Hujan Karanggayam Puncak,Karanggayam,109.63868,-7.5556,63.0,0.0
2020-01-22,ST_14,Pos Hujan Sadang Kulon,Sadang,109.70679,-7.49279,385.0,0.0
2020-01-22,ST_15,Pos Hujan Sadang Wetan,Sadang,109.7296,-7.52571,149.0,0.0
2020-01-22,ST_16,Pos Hujan Pejagoan,Pejagoan,109.66435,-7.58315,130.0,0.4
2020-01-22,ST_17,Stasiun Klimatologi Kebumen Kota,Kebumen,109.67162,-7.70396,15.0,0.0
2020-01-22,ST_18,Pos Hujan Alian,Alian,109.68469,-7.62856,34.0,0.0
2020-01-22,ST_19,Pos Hujan Padureso Waduk,Padureso,109.76825,-7.61473,144.0,0.0
2020-01-22,ST_20,Pos Hujan Wadaslintang Bendungan,Wadaslintang,109.81835,-7.72027,8.0,0.0
2020-01-22,ST_21,Pos Hujan Poncowarno,Poncowarno,109.76215,-7.641,139.0,0.2
2020-01-22,ST_22,Pos Hujan Kutowinangun,Kutowinangun,109.76918,-7.72765,10.0,0.0
2020-01-22,ST_23,Pos Hujan Prembun,Prembun,109.79275,-7.72654,11.0,0.0
2020-01-22,ST_24,Pos Hujan Bonorowo,Bonorowo,109.83178,-7.75192,10.0,0.0
2020-01-22,ST_25,Pos Hujan Mirit,Mirit,109.77948,-7.79442,20.0,0.4
2020-01-22,ST_26,Pos Hujan Ambal,Ambal,109.75273,-7.75236,11.0,0.0
2020-01-22,ST_27,Pos Hujan Buluspesantren,Buluspesantren,109.7032,-7.74437,9.0,0.0
2020-01-22,ST_28,Pos Hujan Adimulyo,Adimulyo,109.57791,-7.67035,18.0,0.0
2020-01-22,ST_29,Pos Hujan Sempor Lereng Barat,Sempor,109.51496,-7.56868,103.0,0.0
2020-01-22,ST_30,Pos Hujan Alian Perbukitan,Alian,109.68851,-7.63141,69.0,0.4
2020-01-23,ST_01,Pos Hujan Ayah Pesisir,Ayah,109.43969,-7.69769,350.0,20.4
2020-01-23,ST_02,Pos Hujan Buayan,Buayan,109.47271,-7.64872,159.0,16.4
2020-01-23,ST_03,Pos Hujan Rowokele,Rowokele,109.42121,-7.65175,17.0,18.1
2020-01-23,ST_04,Pos Hujan Sempor Waduk,Sempor,109.48118,-7.55757,78.0,14.7
2020-01-23,ST_05,Pos Hujan Sempor Hulu,Sempor,109.50092,-7.58426,25.0,20.0
2020-01-23,ST_06,Pos Hujan Gombong Kota,Gombong,109.52569,-7.63553,14.0,18.3
2020-01-23,ST_07,Pos Hujan Kuwarasan,Kuwarasan,109.50431,-7.67911,8.0,17.5
2020-01-23,ST_08,Pos Hujan Puring,Puring,109.51652,-7.70433,11.0,18.8
2020-01-23,ST_09,Pos Hujan Petanahan,Petanahan,109.57289,-7.73008,8.0,20.0
2020-01-23,ST_10,Pos Hujan Klirong,Klirong,109.63629,-7.78374,6.0,18.3
2020-01-23,ST_11,Pos Hujan Karanganyar,Karanganyar,109.58032,-7.63386,18.0,13.5
2020-01-23,ST_12,Pos Hujan Karanggayam Lereng,Karanggayam,109.59207,-7.60258,250.0,16.6
2020-01-23,ST_13,Pos Hujan Karanggayam Puncak,Karanggayam,109.63868,-7.5556,63.0,16.9
2020-01-23,ST_14,Pos Hujan Sadang Kulon,Sadang,109.70679,-7.49279,385.0,21.6
2020-01-23,ST_15,Pos Hujan Sadang Wetan,Sadang,109.7296,-7.52571,149.0,20.5
2020-01-23,ST_16,Pos Hujan Pejagoan,Pejagoan,109.66435,-7.58315,130.0,17.1
2020-01-23,ST_17,Stasiun Klimatologi Kebumen Kota,Kebumen,109.67162,-7.70396,15.0,17.3
2020-01-23,ST_18,Pos Hujan Alian,Alian,109.68469,-7.62856,34.0,16.0
2020-01-23,ST_19,Pos Hujan Padureso Waduk,Padureso,109.76825,-7.61473,144.0,17.3
2020-01-23,ST_20,Pos Hujan Wadaslintang Bendungan,Wadaslintang,109.81835,-7.72027,8.0,13.9
2020-01-23,ST_21,Pos Hujan Poncowarno,Poncowarno,109.76215,-7.641,139.0,16.4
2020-01-23,ST_22,Pos Hujan Kutowinangun,Kutowinangun,109.76918,-7.72765,10.0,14.0
2020-01-23,ST_23,Pos Hujan Prembun,Prembun,109.79275,-7.72654,11.0,14.7
2020-01-23,ST_24,Pos Hujan Bonorowo,Bonorowo,109.83178,-7.75192,10.0,18.6
2020-01-23,ST_25,Pos Hujan Mirit,Mirit,109.77948,-7.79442,20.0,14.5
2020-01-23,ST_26,Pos Hujan Ambal,Ambal,109.75273,-7.75236,11.0,21.8
2020-01-23,ST_27,Pos Hujan Buluspesantren,Buluspesantren,109.7032,-7.74437,9.0,17.5
2020-01-23,ST_28,Pos Hujan Adimulyo,Adimulyo,109.57791,-7.67035,18.0,17.5
2020-01-23,ST_29,Pos Hujan Sempor Lereng Barat,Sempor,109.51496,-7.56868,103.0,16.7
2020-01-23,ST_30,Pos Hujan Alian Perbukitan,Alian,109.68851,-7.63141,69.0,19.3
2020-01-24,ST_01,Pos Hujan Ayah Pesisir,Ayah,109.43969,-7.69769,350.0,8.1
2020-01-24,ST_02,Pos Hujan Buayan,Buayan,109.47271,-7.64872,159.0,8.2
2020-01-24,ST_03,Pos Hujan Rowokele,Rowokele,109.42121,-7.65175,17.0,9.8
2020-01-24,ST_04,Pos Hujan Sempor Waduk,Sempor,109.48118,-7.55757,78.0,8.0
2020-01-24,ST_05,Pos Hujan Sempor Hulu,Sempor,109.50092,-7.58426,25.0,8.8
2020-01-24,ST_06,Pos Hujan Gombong Kota,Gombong,109.52569,-7.63553,14.0,6.9
2020-01-24,ST_07,Pos Hujan Kuwarasan,Kuwarasan,109.50431,-7.67911,8.0,7.4
2020-01-24,ST_08,Pos Hujan Puring,Puring,109.51652,-7.70433,11.0,8.9
2020-01-24,ST_09,Pos Hujan Petanahan,Petanahan,109.57289,-7.73008,8.0,6.7
2020-01-24,ST_10,Pos Hujan Klirong,Klirong,109.63629,-7.78374,6.0,8.7
2020-01-24,ST_11,Pos Hujan Karanganyar,Karanganyar,109.58032,-7.63386,18.0,8.2
2020-01-24,ST_12,Pos Hujan Karanggayam Lereng,Karanggayam,109.59207,-7.60258,250.0,8.0
2020-01-24,ST_13,Pos Hujan Karanggayam Puncak,Karanggayam,109.63868,-7.5556,63.0,8.6
2020-01-24,ST_14,Pos Hujan Sadang Kulon,Sadang,109.70679,-7.49279,385.0,10.5
2020-01-24,ST_15,Pos Hujan Sadang Wetan,Sadang,109.7296,-7.52571,149.0,9.0
2020-01-24,ST_16,Pos Hujan Pejagoan,Pejagoan,109.66435,-7.58315,130.0,6.6
2020-01-24,ST_17,Stasiun Klimatologi Kebumen Kota,Kebumen,109.67162,-7.70396,15.0,6.7
2020-01-24,ST_18,Pos Hujan Alian,Alian,109.68469,-7.62856,34.0,7.4
2020-01-24,ST_19,Pos Hujan Padureso Waduk,Padureso,109.76825,-7.61473,144.0,8.1
2020-01-24,ST_20,Pos Hujan Wadaslintang Bendungan,Wadaslintang,109.81835,-7.72027,8.0,7.8
2020-01-24,ST_21,Pos Hujan Poncowarno,Poncowarno,109.76215,-7.641,139.0,8.2
2020-01-24,ST_22,Pos Hujan Kutowinangun,Kutowinangun,109.76918,-7.72765,10.0,6.1
2020-01-24,ST_23,Pos Hujan Prembun,Prembun,109.79275,-7.72654,11.0,7.6
2020-01-24,ST_24,Pos Hujan Bonorowo,Bonorowo,109.83178,-7.75192,10.0,7.7
2020-01-24,ST_25,Pos Hujan Mirit,Mirit,109.77948,-7.79442,20.0,7.6
2020-01-24,ST_26,Pos Hujan Ambal,Ambal,109.75273,-7.75236,11.0,8.2
2020-01-24,ST_27,Pos Hujan Buluspesantren,Buluspesantren,109.7032,-7.74437,9.0,8.0
2020-01-24,ST_28,Pos Hujan Adimulyo,Adimulyo,109.57791,-7.67035,18.0,7.9
2020-01-24,ST_29,Pos Hujan Sempor Lereng Barat,Sempor,109.51496,-7.56868,103.0,8.0
2020-01-24,ST_30,Pos Hujan Alian Perbukitan,Alian,109.68851,-7.63141,69.0,6.2
2020-01-25,ST_01,Pos Hujan Ayah Pesisir,Ayah,109.43969,-7.69769,350.0,14.6
2020-01-25,ST_02,Pos Hujan Buayan,Buayan,109.47271,-7.64872,159.0,13.2
2020-01-25,ST_03,Pos Hujan Rowokele,Rowokele,109.42121,-7.65175,17.0,12.4
2020-01-25,ST_04,Pos Hujan Sempor Waduk,Sempor,109.48118,-7.55757,78.0,10.9
2020-01-25,ST_05,Pos Hujan Sempor Hulu,Sempor,109.50092,-7.58426,25.0,10.8
2020-01-25,ST_06,Pos Hujan Gombong Kota,Gombong,109.52569,-7.63553,14.0,13.6
2020-01-25,ST_07,Pos Hujan Kuwarasan,Kuwarasan,109.50431,-7.67911,8.0,11.8
2020-01-25,ST_08,Pos Hujan Puring,Puring,109.51652,-7.70433,11.0,12.7
2020-01-25,ST_09,Pos Hujan Petanahan,Petanahan,109.57289,-7.73008,8.0,11.7
2020-01-25,ST_10,Pos Hujan Klirong,Klirong,109.63629,-7.78374,6.0,11.4
2020-01-25,ST_11,Pos Hujan Karanganyar,Karanganyar,109.58032,-7.63386,18.0,13.5
2020-01-25,ST_12,Pos Hujan Karanggayam Lereng,Karanggayam,109.59207,-7.60258,250.0,12.9
2020-01-25,ST_13,Pos Hujan Karanggayam Puncak,Karanggayam,109.63868,-7.5556,63.0,12.9
2020-01-25,ST_14,Pos Hujan Sadang Kulon,Sadang,109.70679,-7.49279,385.0,14.2
2020-01-25,ST_15,Pos Hujan Sadang Wetan,Sadang,109.7296,-7.52571,149.0,12.7
2020-01-25,ST_16,Pos Hujan Pejagoan,Pejagoan,109.66435,-7.58315,130.0,12.6
2020-01-25,ST_17,Stasiun Klimatologi Kebumen Kota,Kebumen,109.67162,-7.70396,15.0,12.1
2020-01-25,ST_18,Pos Hujan Alian,Alian,109.68469,-7.62856,34.0,11.5
2020-01-25,ST_19,Pos Hujan Padureso Waduk,Padureso,109.76825,-7.61473,144.0,14.9
2020-01-25,ST_20,Pos Hujan Wadaslintang Bendungan,Wadaslintang,109.81835,-7.72027,8.0,10.4
2020-01-25,ST_21,Pos Hujan Poncowarno,Poncowarno,109.76215,-7.641,139.0,12.5
2020-01-25,ST_22,Pos Hujan Kutowinangun,Kutowinangun,109.76918,-7.72765,10.0,11.0
2020-01-25,ST_23,Pos Hujan Prembun,Prembun,109.79275,-7.72654,11.0,13.7
2020-01-25,ST_24,Pos Hujan Bonorowo,Bonorowo,109.83178,-7.75192,10.0,11.8
2020-01-25,ST_25,Pos Hujan Mirit,Mirit,109.77948,-7.79442,20.0,12.8
2020-01-25,ST_26,Pos Hujan Ambal,Ambal,109.75273,-7.75236,11.0,9.5
2020-01-25,ST_27,Pos Hujan Buluspesantren,Buluspesantren,109.7032,-7.74437,9.0,11.9
2020-01-25,ST_28,Pos Hujan Adimulyo,Adimulyo,109.57791,-7.67035,18.0,13.2
2020-01-25,ST_29,Pos Hujan Sempor Lereng Barat,Sempor,109.51496,-7.56868,103.0,13.1
2020-01-25,ST_30,Pos Hujan Alian Perbukitan,Alian,109.68851,-7.63141,69.0,14.0
2020-01-26,ST_01,Pos Hujan Ayah Pesisir,Ayah,109.43969,-7.69769,350.0,0.0
2020-01-26,ST_02,Pos Hujan Buayan,Buayan,109.47271,-7.64872,159.0,0.0
2020-01-26,ST_03,Pos Hujan Rowokele,Rowokele,109.42121,-7.65175,17.0,0.0
2020-01-26,ST_04,Pos Hujan Sempor Waduk,Sempor,109.48118,-7.55757,78.0,0.0
2020-01-26,ST_05,Pos Hujan Sempor Hulu,Sempor,109.50092,-7.58426,25.0,0.0
2020-01-26,ST_06,Pos Hujan Gombong Kota,Gombong,109.52569,-7.63553,14.0,0.0
2020-01-26,ST_07,Pos Hujan Kuwarasan,Kuwarasan,109.50431,-7.67911,8.0,0.0
2020-01-26,ST_08,Pos Hujan Puring,Puring,109.51652,-7.70433,11.0,0.0
2020-01-26,ST_09,Pos Hujan Petanahan,Petanahan,109.57289,-7.73008,8.0,0.0
2020-01-26,ST_10,Pos Hujan Klirong,Klirong,109.63629,-7.78374,6.0,0.0
2020-01-26,ST_11,Pos Hujan Karanganyar,Karanganyar,109.58032,-7.63386,18.0,0.0
2020-01-26,ST_12,Pos Hujan Karanggayam Lereng,Karanggayam,109.59207,-7.60258,250.0,0.0
2020-01-26,ST_13,Pos Hujan Karanggayam Puncak,Karanggayam,109.63868,-7.5556,63.0,0.0
2020-01-26,ST_14,Pos Hujan Sadang Kulon,Sadang,109.70679,-7.49279,385.0,0.0
2020-01-26,ST_15,Pos Hujan Sadang Wetan,Sadang,109.7296,-7.52571,149.0,0.0
2020-01-26,ST_16,Pos Hujan Pejagoan,Pejagoan,109.66435,-7.58315,130.0,0.2
2020-01-26,ST_17,Stasiun Klimatologi Kebumen Kota,Kebumen,109.67162,-7.70396,15.0,0.0
2020-01-26,ST_18,Pos Hujan Alian,Alian,109.68469,-7.62856,34.0,0.0
2020-01-26,ST_19,Pos Hujan Padureso Waduk,Padureso,109.76825,-7.61473,144.0,0.0
2020-01-26,ST_20,Pos Hujan Wadaslintang Bendungan,Wadaslintang,109.81835,-7.72027,8.0,0.1
2020-01-26,ST_21,Pos Hujan Poncowarno,Poncowarno,109.76215,-7.641,139.0,0.0
2020-01-26,ST_22,Pos Hujan Kutowinangun,Kutowinangun,109.76918,-7.72765,10.0,0.0
2020-01-26,ST_23,Pos Hujan Prembun,Prembun,109.79275,-7.72654,11.0,0.0
2020-01-26,ST_24,Pos Hujan Bonorowo,Bonorowo,109.83178,-7.75192,10.0,0.0
2020-01-26,ST_25,Pos Hujan Mirit,Mirit,109.77948,-7.79442,20.0,0.0
2020-01-26,ST_26,Pos Hujan Ambal,Ambal,109.75273,-7.75236,11.0,0.0
2020-01-26,ST_27,Pos Hujan Buluspesantren,Buluspesantren,109.7032,-7.74437,9.0,0.0
2020-01-26,ST_28,Pos Hujan Adimulyo,Adimulyo,109.57791,-7.67035,18.0,0.2
2020-01-26,ST_29,Pos Hujan Sempor Lereng Barat,Sempor,109.51496,-7.56868,103.0,0.0
2020-01-26,ST_30,Pos Hujan Alian Perbukitan,Alian,109.68851,-7.63141,69.0,0.0
2020-01-27,ST_01,Pos Hujan Ayah Pesisir,Ayah,109.43969,-7.69769,350.0,7.9
2020-01-27,ST_02,Pos Hujan Buayan,Buayan,109.47271,-7.64872,159.0,5.3
2020-01-27,ST_03,Pos Hujan Rowokele,Rowokele,109.42121,-7.65175,17.0,6.1
2020-01-27,ST_04,Pos Hujan Sempor Waduk,Sempor,109.48118,-7.55757,78.0,6.8
2020-01-27,ST_05,Pos Hujan Sempor Hulu,Sempor,109.50092,-7.58426,25.0,4.5
2020-01-27,ST_06,Pos Hujan Gombong Kota,Gombong,109.52569,-7.63553,14.0,5.4
2020-01-27,ST_07,Pos Hujan Kuwarasan,Kuwarasan,109.50431,-7.67911,8.0,4.9
2020-01-27,ST_08,Pos Hujan Puring,Puring,109.51652,-7.70433,11.0,4.8
2020-01-27,ST_09,Pos Hujan Petanahan,Petanahan,109.57289,-7.73008,8.0,5.5
2020-01-27,ST_10,Pos Hujan Klirong,Klirong,109.63629,-7.78374,6.0,4.7
2020-01-27,ST_11,Pos Hujan Karanganyar,Karanganyar,109.58032,-7.63386,18.0,5.1
2020-01-27,ST_12,Pos Hujan Karanggayam Lereng,Karanggayam,109.59207,-7.60258,250.0,6.0
2020-01-27,ST_13,Pos Hujan Karanggayam Puncak,Karanggayam,109.63868,-7.5556,63.0,5.4
2020-01-27,ST_14,Pos Hujan Sadang Kulon,Sadang,109.70679,-7.49279,385.0,5.7
2020-01-27,ST_15,Pos Hujan Sadang Wetan,Sadang,109.7296,-7.52571,149.0,6.5
2020-01-27,ST_16,Pos Hujan Pejagoan,Pejagoan,109.66435,-7.58315,130.0,6.5
2020-01-27,ST_17,Stasiun Klimatologi Kebumen Kota,Kebumen,109.67162,-7.70396,15.0,5.4
2020-01-27,ST_18,Pos Hujan Alian,Alian,109.68469,-7.62856,34.0,5.2
2020-01-27,ST_19,Pos Hujan Padureso Waduk,Padureso,109.76825,-7.61473,144.0,5.3
2020-01-27,ST_20,Pos Hujan Wadaslintang Bendungan,Wadaslintang,109.81835,-7.72027,8.0,4.7
2020-01-27,ST_21,Pos Hujan Poncowarno,Poncowarno,109.76215,-7.641,139.0,7.3
2020-01-27,ST_22,Pos Hujan Kutowinangun,Kutowinangun,109.76918,-7.72765,10.0,5.7
2020-01-27,ST_23,Pos Hujan Prembun,Prembun,109.79275,-7.72654,11.0,4.6
2020-01-27,ST_24,Pos Hujan Bonorowo,Bonorowo,109.83178,-7.75192,10.0,5.2
2020-01-27,ST_25,Pos Hujan Mirit,Mirit,109.77948,-7.79442,20.0,4.8
2020-01-27,ST_26,Pos Hujan Ambal,Ambal,109.75273,-7.75236,11.0,5.5
2020-01-27,ST_27,Pos Hujan Buluspesantren,Buluspesantren,109.7032,-7.74437,9.0,5.5
2020-01-27,ST_28,Pos Hujan Adimulyo,Adimulyo,109.57791,-7.67035,18.0,6.0
2020-01-27,ST_29,Pos Hujan Sempor Lereng Barat,Sempor,109.51496,-7.56868,103.0,5.2
2020-01-27,ST_30,Pos Hujan Alian Perbukitan,Alian,109.68851,-7.63141,69.0,5.6
2020-01-28,ST_01,Pos Hujan Ayah Pesisir,Ayah,109.43969,-7.69769,350.0,0.0
2020-01-28,ST_02,Pos Hujan Buayan,Buayan,109.47271,-7.64872,159.0,0.0
2020-01-28,ST_03,Pos Hujan Rowokele,Rowokele,109.42121,-7.65175,17.0,0.0
2020-01-28,ST_04,Pos Hujan Sempor Waduk,Sempor,109.48118,-7.55757,78.0,0.0
2020-01-28,ST_05,Pos Hujan Sempor Hulu,Sempor,109.50092,-7.58426,25.0,0.0
2020-01-28,ST_06,Pos Hujan Gombong Kota,Gombong,109.52569,-7.63553,14.0,0.2
2020-01-28,ST_07,Pos Hujan Kuwarasan,Kuwarasan,109.50431,-7.67911,8.0,0.0
2020-01-28,ST_08,Pos Hujan Puring,Puring,109.51652,-7.70433,11.0,0.4
2020-01-28,ST_09,Pos Hujan Petanahan,Petanahan,109.57289,-7.73008,8.0,0.0
2020-01-28,ST_10,Pos Hujan Klirong,Klirong,109.63629,-7.78374,6.0,0.0
2020-01-28,ST_11,Pos Hujan Karanganyar,Karanganyar,109.58032,-7.63386,18.0,0.0
2020-01-28,ST_12,Pos Hujan Karanggayam Lereng,Karanggayam,109.59207,-7.60258,250.0,0.0
2020-01-28,ST_13,Pos Hujan Karanggayam Puncak,Karanggayam,109.63868,-7.5556,63.0,0.0
2020-01-28,ST_14,Pos Hujan Sadang Kulon,Sadang,109.70679,-7.49279,385.0,0.0
2020-01-28,ST_15,Pos Hujan Sadang Wetan,Sadang,109.7296,-7.52571,149.0,0.0
2020-01-28,ST_16,Pos Hujan Pejagoan,Pejagoan,109.66435,-7.58315,130.0,0.0
2020-01-28,ST_17,Stasiun Klimatologi Kebumen Kota,Kebumen,109.67162,-7.70396,15.0,0.0
2020-01-28,ST_18,Pos Hujan Alian,Alian,109.68469,-7.62856,34.0,0.0
2020-01-28,ST_19,Pos Hujan Padureso Waduk,Padureso,109.76825,-7.61473,144.0,0.0
2020-01-28,ST_20,Pos Hujan Wadaslintang Bendungan,Wadaslintang,109.81835,-7.72027,8.0,0.0
2020-01-28,ST_21,Pos Hujan Poncowarno,Poncowarno,109.76215,-7.641,139.0,0.0
2020-01-28,ST_22,Pos Hujan Kutowinangun,Kutowinangun,109.76918,-7.72765,10.0,0.0
2020-01-28,ST_23,Pos Hujan Prembun,Prembun,109.79275,-7.72654,11.0,0.0
2020-01-28,ST_24,Pos Hujan Bonorowo,Bonorowo,109.83178,-7.75192,10.0,0.0
2020-01-28,ST_25,Pos Hujan Mirit,Mirit,109.77948,-7.79442,20.0,0.0
2020-01-28,ST_26,Pos Hujan Ambal,Ambal,109.75273,-7.75236,11.0,0.0
2020-01-28,ST_27,Pos Hujan Buluspesantren,Buluspesantren,109.7032,-7.74437,9.0,0.0
2020-01-28,ST_28,Pos Hujan Adimulyo,Adimulyo,109.57791,-7.67035,18.0,0.0
2020-01-28,ST_29,Pos Hujan Sempor Lereng Barat,Sempor,109.51496,-7.56868,103.0,0.0
2020-01-28,ST_30,Pos Hujan Alian Perbukitan,Alian,109.68851,-7.63141,69.0,0.0
2020-01-29,ST_01,Pos Hujan Ayah Pesisir,Ayah,109.43969,-7.69769,350.0,21.1
2020-01-29,ST_02,Pos Hujan Buayan,Buayan,109.47271,-7.64872,159.0,18.5
2020-01-29,ST_03,Pos Hujan Rowokele,Rowokele,109.42121,-7.65175,17.0,17.6
2020-01-29,ST_04,Pos Hujan Sempor Waduk,Sempor,109.48118,-7.55757,78.0,21.7
2020-01-29,ST_05,Pos Hujan Sempor Hulu,Sempor,109.50092,-7.58426,25.0,20.7
2020-01-29,ST_06,Pos Hujan Gombong Kota,Gombong,109.52569,-7.63553,14.0,20.2
2020-01-29,ST_07,Pos Hujan Kuwarasan,Kuwarasan,109.50431,-7.67911,8.0,18.4
2020-01-29,ST_08,Pos Hujan Puring,Puring,109.51652,-7.70433,11.0,18.7
2020-01-29,ST_09,Pos Hujan Petanahan,Petanahan,109.57289,-7.73008,8.0,20.3
2020-01-29,ST_10,Pos Hujan Klirong,Klirong,109.63629,-7.78374,6.0,14.8
2020-01-29,ST_11,Pos Hujan Karanganyar,Karanganyar,109.58032,-7.63386,18.0,19.4
2020-01-29,ST_12,Pos Hujan Karanggayam Lereng,Karanggayam,109.59207,-7.60258,250.0,22.1
2020-01-29,ST_13,Pos Hujan Karanggayam Puncak,Karanggayam,109.63868,-7.5556,63.0,22.2
2020-01-29,ST_14,Pos Hujan Sadang Kulon,Sadang,109.70679,-7.49279,385.0,20.1
2020-01-29,ST_15,Pos Hujan Sadang Wetan,Sadang,109.7296,-7.52571,149.0,25.2
2020-01-29,ST_16,Pos Hujan Pejagoan,Pejagoan,109.66435,-7.58315,130.0,21.3
2020-01-29,ST_17,Stasiun Klimatologi Kebumen Kota,Kebumen,109.67162,-7.70396,15.0,19.4
2020-01-29,ST_18,Pos Hujan Alian,Alian,109.68469,-7.62856,34.0,18.6
2020-01-29,ST_19,Pos Hujan Padureso Waduk,Padureso,109.76825,-7.61473,144.0,22.0
2020-01-29,ST_20,Pos Hujan Wadaslintang Bendungan,Wadaslintang,109.81835,-7.72027,8.0,18.7
2020-01-29,ST_21,Pos Hujan Poncowarno,Poncowarno,109.76215,-7.641,139.0,23.4
2020-01-29,ST_22,Pos Hujan Kutowinangun,Kutowinangun,109.76918,-7.72765,10.0,15.3
2020-01-29,ST_23,Pos Hujan Prembun,Prembun,109.79275,-7.72654,11.0,18.9
2020-01-29,ST_24,Pos Hujan Bonorowo,Bonorowo,109.83178,-7.75192,10.0,19.3
2020-01-29,ST_25,Pos Hujan Mirit,Mirit,109.77948,-7.79442,20.0,17.7
2020-01-29,ST_26,Pos Hujan Ambal,Ambal,109.75273,-7.75236,11.0,17.5
2020-01-29,ST_27,Pos Hujan Buluspesantren,Buluspesantren,109.7032,-7.74437,9.0,17.6
2020-01-29,ST_28,Pos Hujan Adimulyo,Adimulyo,109.57791,-7.67035,18.0,19.4
2020-01-29,ST_29,Pos Hujan Sempor Lereng Barat,Sempor,109.51496,-7.56868,103.0,16.1
2020-01-29,ST_30,Pos Hujan Alian Perbukitan,Alian,109.68851,-7.63141,69.0,22.1
2020-01-30,ST_01,Pos Hujan Ayah Pesisir,Ayah,109.43969,-7.69769,350.0,0.0
2020-01-30,ST_02,Pos Hujan Buayan,Buayan,109.47271,-7.64872,159.0,0.4
2020-01-30,ST_03,Pos Hujan Rowokele,Rowokele,109.42121,-7.65175,17.0,0.0
2020-01-30,ST_04,Pos Hujan Sempor Waduk,Sempor,109.48118,-7.55757,78.0,0.0
2020-01-30,ST_05,Pos Hujan Sempor Hulu,Sempor,109.50092,-7.58426,25.0,0.0
2020-01-30,ST_06,Pos Hujan Gombong Kota,Gombong,109.52569,-7.63553,14.0,0.3
2020-01-30,ST_07,Pos Hujan Kuwarasan,Kuwarasan,109.50431,-7.67911,8.0,0.1
2020-01-30,ST_08,Pos Hujan Puring,Puring,109.51652,-7.70433,11.0,0.0
2020-01-30,ST_09,Pos Hujan Petanahan,Petanahan,109.57289,-7.73008,8.0,0.0
2020-01-30,ST_10,Pos Hujan Klirong,Klirong,109.63629,-7.78374,6.0,0.0
2020-01-30,ST_11,Pos Hujan Karanganyar,Karanganyar,109.58032,-7.63386,18.0,0.0
2020-01-30,ST_12,Pos Hujan Karanggayam Lereng,Karanggayam,109.59207,-7.60258,250.0,0.0
2020-01-30,ST_13,Pos Hujan Karanggayam Puncak,Karanggayam,109.63868,-7.5556,63.0,0.0
2020-01-30,ST_14,Pos Hujan Sadang Kulon,Sadang,109.70679,-7.49279,385.0,0.0
2020-01-30,ST_15,Pos Hujan Sadang Wetan,Sadang,109.7296,-7.52571,149.0,0.0
2020-01-30,ST_16,Pos Hujan Pejagoan,Pejagoan,109.66435,-7.58315,130.0,0.0
2020-01-30,ST_17,Stasiun Klimatologi Kebumen Kota,Kebumen,109.67162,-7.70396,15.0,0.0
2020-01-30,ST_18,Pos Hujan Alian,Alian,109.68469,-7.62856,34.0,0.0
2020-01-30,ST_19,Pos Hujan Padureso Waduk,Padureso,109.76825,-7.61473,144.0,0.0
2020-01-30,ST_20,Pos Hujan Wadaslintang Bendungan,Wadaslintang,109.81835,-7.72027,8.0,0.0
2020-01-30,ST_21,Pos Hujan Poncowarno,Poncowarno,109.76215,-7.641,139.0,0.3
2020-01-30,ST_22,Pos Hujan Kutowinangun,Kutowinangun,109.76918,-7.72765,10.0,0.0
2020-01-30,ST_23,Pos Hujan Prembun,Prembun,109.79275,-7.72654,11.0,0.0
2020-01-30,ST_24,Pos Hujan Bonorowo,Bonorowo,109.83178,-7.75192,10.0,0.0
2020-01-30,ST_25,Pos Hujan Mirit,Mirit,109.77948,-7.79442,20.0,0.0
2020-01-30,ST_26,Pos Hujan Ambal,Ambal,109.75273,-7.75236,11.0,0.0
2020-01-30,ST_27,Pos Hujan Buluspesantren,Buluspesantren,109.7032,-7.74437,9.0,0.0
2020-01-30,ST_28,Pos Hujan Adimulyo,Adimulyo,109.57791,-7.67035,18.0,0.0
2020-01-30,ST_29,Pos Hujan Sempor Lereng Barat,Sempor,109.51496,-7.56868,103.0,0.0
2020-01-30,ST_30,Pos Hujan Alian Perbukitan,Alian,109.68851,-7.63141,69.0,0.0
2020-01-31,ST_01,Pos Hujan Ayah Pesisir,Ayah,109.43969,-7.69769,350.0,18.3
2020-01-31,ST_02,Pos Hujan Buayan,Buayan,109.47271,-7.64872,159.0,15.0
2020-01-31,ST_03,Pos Hujan Rowokele,Rowokele,109.42121,-7.65175,17.0,13.1
2020-01-31,ST_04,Pos Hujan Sempor Waduk,Sempor,109.48118,-7.55757,78.0,14.0
2020-01-31,ST_05,Pos Hujan Sempor Hulu,Sempor,109.50092,-7.58426,25.0,14.9
2020-01-31,ST_06,Pos Hujan Gombong Kota,Gombong,109.52569,-7.63553,14.0,14.0
2020-01-31,ST_07,Pos Hujan Kuwarasan,Kuwarasan,109.50431,-7.67911,8.0,15.7
2020-01-31,ST_08,Pos Hujan Puring,Puring,109.51652,-7.70433,11.0,13.4
2020-01-31,ST_09,Pos Hujan Petanahan,Petanahan,109.57289,-7.73008,8.0,14.6
2020-01-31,ST_10,Pos Hujan Klirong,Klirong,109.63629,-7.78374,6.0,13.4
2020-01-31,ST_11,Pos Hujan Karanganyar,Karanganyar,109.58032,-7.63386,18.0,14.9
2020-01-31,ST_12,Pos Hujan Karanggayam Lereng,Karanggayam,109.59207,-7.60258,250.0,15.8
2020-01-31,ST_13,Pos Hujan Karanggayam Puncak,Karanggayam,109.63868,-7.5556,63.0,16.5
2020-01-31,ST_14,Pos Hujan Sadang Kulon,Sadang,109.70679,-7.49279,385.0,19.4
2020-01-31,ST_15,Pos Hujan Sadang Wetan,Sadang,109.7296,-7.52571,149.0,16.8
2020-01-31,ST_16,Pos Hujan Pejagoan,Pejagoan,109.66435,-7.58315,130.0,16.6
2020-01-31,ST_17,Stasiun Klimatologi Kebumen Kota,Kebumen,109.67162,-7.70396,15.0,12.4
2020-01-31,ST_18,Pos Hujan Alian,Alian,109.68469,-7.62856,34.0,15.1
2020-01-31,ST_19,Pos Hujan Padureso Waduk,Padureso,109.76825,-7.61473,144.0,17.8
2020-01-31,ST_20,Pos Hujan Wadaslintang Bendungan,Wadaslintang,109.81835,-7.72027,8.0,14.7
2020-01-31,ST_21,Pos Hujan Poncowarno,Poncowarno,109.76215,-7.641,139.0,13.4
2020-01-31,ST_22,Pos Hujan Kutowinangun,Kutowinangun,109.76918,-7.72765,10.0,13.7
2020-01-31,ST_23,Pos Hujan Prembun,Prembun,109.79275,-7.72654,11.0,14.5
2020-01-31,ST_24,Pos Hujan Bonorowo,Bonorowo,109.83178,-7.75192,10.0,12.5
2020-01-31,ST_25,Pos Hujan Mirit,Mirit,109.77948,-7.79442,20.0,11.3
2020-01-31,ST_26,Pos Hujan Ambal,Ambal,109.75273,-7.75236,11.0,13.2
2020-01-31,ST_27,Pos Hujan Buluspesantren,Buluspesantren,109.7032,-7.74437,9.0,12.5
2020-01-31,ST_28,Pos Hujan Adimulyo,Adimulyo,109.57791,-7.67035,18.0,14.2
2020-01-31,ST_29,Pos Hujan Sempor Lereng Barat,Sempor,109.51496,-7.56868,103.0,12.4
2020-01-31,ST_30,Pos Hujan Alian Perbukitan,Alian,109.68851,-7.63141,69.0,15.8
