year,month,year_month,chirps_raw_mm,gsmap_raw_mm,era5_t2m_c,era5_tdew_c,era5_rh_pct,era5_ws_ms,era5_sp_hpa,ndvi_mean
2001,1,2001_01,456.39,340.14,24.42,22.39,88.46,1.22,986.88,0.63
2001,2,2001_02,254.86,202.29,24.27,22.18,88.14,1.56,986.35,0.7501
2001,3,2001_03,423.9,333.97,24.56,22.57,88.71,1.17,987.59,0.6574
2001,4,2001_04,415.2,274.69,24.68,22.57,88.05,1.16,987.91,0.6443
2001,5,2001_05,240.84,70.53,24.89,22.29,85.48,1.36,988.51,0.7138
2001,6,2001_06,269.34,119.72,24.02,21.8,87.44,1.35,988.57,0.6433
2001,7,2001_07,221.37,41.01,23.49,20.9,85.43,1.58,989.1,0.6832
2001,8,2001_08,39.02,0.14,23.53,19.92,80.21,2.04,989.89,0.6255
2001,9,2001_09,91.55,22.13,24.55,21.59,83.6,2.04,989.56,0.4782
2001,10,2001_10,802.05,565.25,24.48,22.44,88.42,1.25,988.79,0.462
2001,11,2001_11,443.81,319.32,24.54,22.63,89.17,1.21,988.41,0.4427
2001,12,2001_12,241.58,119.57,24.24,21.57,85.09,1.38,989.17,0.6406
2002,1,2002_01,300.95,239.41,24.71,22.63,88.24,1.05,988.07,0.7472
2002,2,2002_02,332.53,224.41,24.78,22.58,87.6,1.31,988.66,0.7475
2002,3,2002_03,306.67,109.54,25.04,22.83,87.57,1.08,988.02,0.6484
2002,4,2002_04,238.12,114.97,25.09,22.83,87.32,1.2,987.58,0.6748
2002,5,2002_05,104.87,70.63,25.03,22.46,85.69,1.35,988.44,0.7109
2002,6,2002_06,35.26,25.12,24.18,21.26,83.77,1.8,989.1,0.7067
2002,7,2002_07,26.52,48.25,24.21,20.78,81.15,1.97,990.13,0.6313
2002,8,2002_08,41.9,0.07,23.65,18.97,75.07,2.29,990.6,0.5629
2002,9,2002_09,12.3,0.11,24.01,19.68,76.79,2.29,991.31,0.4706
2002,10,2002_10,67.5,22.33,25.37,20.83,75.97,1.9,989.69,0.4648
2002,11,2002_11,449.61,299.93,25.09,22.65,86.35,1.41,988.91,0.4176
2002,12,2002_12,454.53,178.4,25.01,22.85,87.8,1.05,988.98,0.5299
2003,1,2003_01,343.31,286.53,24.62,22.3,86.94,1.46,989.17,0.6993
2003,2,2003_02,430.05,367.16,24.81,22.78,88.53,1.22,987.74,0.7486
2003,3,2003_03,337.72,335.99,25.18,22.74,86.36,1.14,988.48,0.739
2003,4,2003_04,101.85,140.67,25.4,22.93,86.2,1.27,988.25,0.6538
2003,5,2003_05,151.97,215.68,24.78,22.27,85.98,1.46,988.55,0.6771
2003,6,2003_06,8.96,47.38,24.49,21.58,83.88,1.67,989.07,0.7011
2003,7,2003_07,19.04,0.0,23.15,19.89,81.9,2.07,990.45,0.6424
2003,8,2003_08,42.8,0.87,23.39,19.31,77.89,2.09,990.35,0.5639
2003,9,2003_09,66.42,50.66,23.95,20.46,80.87,2.22,990.57,0.4181
2003,10,2003_10,309.18,229.47,24.0,21.82,87.63,1.85,989.91,0.432
2003,11,2003_11,441.03,301.19,24.63,22.53,88.11,1.22,988.62,0.4565
2003,12,2003_12,425.54,447.47,24.42,22.5,89.06,1.31,988.49,0.5241
2004,1,2004_01,348.56,296.73,24.88,22.84,88.43,1.19,988.18,0.6621
2004,2,2004_02,352.23,242.71,24.72,22.69,88.5,1.37,988.02,0.7331
2004,3,2004_03,461.01,296.01,24.76,22.72,88.43,1.21,988.0,0.6527
2004,4,2004_04,225.56,152.15,25.28,23.05,87.46,1.23,988.46,0.6412
2004,5,2004_05,192.38,313.39,24.59,22.64,88.95,1.31,988.43,0.6931
2004,6,2004_06,102.58,75.88,23.46,20.87,85.43,1.55,990.17,0.7313
2004,7,2004_07,192.54,88.95,23.86,21.48,86.55,1.48,989.23,0.6709
2004,8,2004_08,36.9,7.99,23.13,19.72,81.14,2.15,990.79,0.6313
2004,9,2004_09,20.9,17.99,24.12,21.09,83.21,2.06,990.22,0.5273
2004,10,2004_10,61.21,42.51,24.63,21.19,81.16,1.73,990.34,0.446
2004,11,2004_11,415.31,452.22,24.76,22.72,88.46,1.19,988.67,0.5434
2004,12,2004_12,517.12,428.55,24.6,22.63,88.8,1.15,988.08,0.5758
2005,1,2005_01,340.86,503.63,24.79,22.6,87.67,1.2,988.35,0.7004
2005,2,2005_02,282.84,248.8,25.17,22.97,87.62,1.12,989.15,0.7602
2005,3,2005_03,512.23,420.98,25.34,23.02,87.03,1.11,988.91,0.6926
2005,4,2005_04,202.0,193.34,25.13,22.9,87.47,1.08,989.29,0.6502
2005,5,2005_05,180.28,349.66,25.23,22.66,85.72,1.25,988.34,0.6827
2005,6,2005_06,198.23,277.66,24.75,22.7,88.37,1.17,988.2,0.74
2005,7,2005_07,152.98,157.8,23.66,21.36,86.95,1.61,989.69,0.6957
2005,8,2005_08,137.62,60.1,23.45,20.82,85.19,1.96,990.12,0.5985
2005,9,2005_09,116.19,306.11,24.06,21.48,85.48,1.89,990.11,0.5271
2005,10,2005_10,375.8,275.26,24.41,22.22,87.58,1.55,989.28,0.4906
2005,11,2005_11,468.84,461.15,24.61,22.15,86.17,1.4,988.7,0.4737
2005,12,2005_12,478.83,494.32,24.27,22.53,90.07,1.12,987.11,0.406
2006,1,2006_01,437.4,361.32,24.42,22.42,88.66,1.34,987.14,0.6969
2006,2,2006_02,305.94,332.7,24.77,22.84,89.03,1.25,987.83,0.7073
2006,3,2006_03,403.5,235.91,25.0,22.72,87.2,1.23,987.19,0.6514
2006,4,2006_04,216.35,207.37,24.65,22.61,88.44,1.18,987.71,0.6531
2006,5,2006_05,263.26,224.22,24.57,22.48,88.18,1.22,988.75,0.7344
2006,6,2006_06,41.58,76.44,23.58,21.07,85.86,1.92,989.61,0.7095
2006,7,2006_07,25.28,15.63,23.1,20.33,84.41,1.99,990.64,0.6443
2006,8,2006_08,49.11,1.74,23.11,19.31,79.23,2.21,990.64,0.5906
2006,9,2006_09,14.49,0.0,23.43,18.83,75.43,2.15,991.02,0.5215
2006,10,2006_10,30.0,14.52,24.85,20.4,76.37,1.98,990.9,0.5019
2006,11,2006_11,182.29,77.04,25.68,22.43,82.27,1.53,988.56,0.4887
2006,12,2006_12,334.74,172.25,25.29,22.99,87.09,1.2,987.73,0.5312
2007,1,2007_01,148.07,154.94,24.98,21.97,83.41,1.39,988.79,0.6794
2007,2,2007_02,306.66,338.64,24.83,22.71,88.04,1.08,988.33,0.7387
2007,3,2007_03,409.06,189.36,24.76,22.66,88.12,1.47,987.2,0.7029
2007,4,2007_04,336.69,295.83,24.92,23.12,89.76,0.99,988.27,0.7005
2007,5,2007_05,215.94,201.5,24.99,22.88,88.1,1.29,988.6,0.705
2007,6,2007_06,98.25,145.77,24.18,21.97,87.45,1.52,987.44,0.7326
2007,7,2007_07,36.03,6.69,23.62,21.13,85.99,1.79,989.28,0.6889
2007,8,2007_08,61.45,6.14,23.02,20.12,83.75,2.28,989.95,0.598
2007,9,2007_09,19.49,53.58,23.48,19.9,80.36,2.17,989.92,0.4992
2007,10,2007_10,202.34,245.27,24.59,21.48,82.83,1.69,988.93,0.4312
2007,11,2007_11,473.58,423.63,24.44,22.03,86.44,1.35,988.09,0.463
2007,12,2007_12,644.8,449.14,24.79,22.77,88.56,1.24,986.14,0.5642
2008,1,2008_01,243.23,244.69,24.68,22.48,87.61,1.44,987.25,0.7423
2008,2,2008_02,420.65,427.36,24.76,22.46,87.08,1.46,986.45,0.7101
2008,3,2008_03,383.1,211.25,24.6,22.48,88.02,1.08,987.11,0.6884
2008,4,2008_04,236.01,90.17,24.85,22.6,87.3,1.17,987.12,0.6621
2008,5,2008_05,68.53,26.11,23.99,21.47,85.78,1.66,988.84,0.6966
2008,6,2008_06,12.52,11.75,23.95,21.29,85.11,1.62,989.28,0.7138
2008,7,2008_07,25.71,2.64,22.93,19.52,81.11,2.09,989.89,0.6256
2008,8,2008_08,50.21,31.77,23.83,20.64,82.39,2.17,989.53,0.5131
2008,9,2008_09,47.81,28.41,24.36,20.97,81.43,2.09,989.94,0.5098
2008,10,2008_10,313.26,296.06,24.89,22.41,86.13,1.48,988.99,0.5059
2008,11,2008_11,555.66,410.12,24.7,22.74,88.89,1.06,987.24,0.5328
2008,12,2008_12,445.66,386.33,24.41,22.27,87.84,1.23,987.24,0.5267
2009,1,2009_01,369.15,386.46,24.53,22.29,87.38,1.45,987.83,0.7214
2009,2,2009_02,367.01,295.28,24.48,22.44,88.4,1.38,986.64,0.7473
2009,3,2009_03,259.91,115.37,24.88,22.53,86.77,1.13,987.95,0.6924
2009,4,2009_04,342.92,215.85,25.2,23.05,87.89,1.06,987.87,0.6732
2009,5,2009_05,350.35,254.43,24.97,22.85,88.04,1.17,987.48,0.7396
2009,6,2009_06,148.03,187.61,24.65,22.27,86.62,1.33,989.02,0.7549
2009,7,2009_07,46.94,79.44,23.64,20.68,83.52,1.9,989.86,0.6769
2009,8,2009_08,38.05,2.73,23.76,20.33,81.09,2.04,989.71,0.5958
2009,9,2009_09,52.55,27.79,24.07,20.92,82.59,2.12,990.21,0.533
2009,10,2009_10,261.69,327.06,24.61,22.06,85.71,1.77,989.94,0.5263
2009,11,2009_11,410.35,265.25,24.99,22.75,87.4,1.18,987.72,0.5571
2009,12,2009_12,280.58,349.8,25.12,22.64,86.19,1.16,988.49,0.6153
2010,1,2010_01,421.08,298.91,24.82,22.8,88.57,1.28,988.57,0.755
2010,2,2010_02,319.76,231.8,25.39,23.38,88.65,1.06,988.71,0.7637
2010,3,2010_03,516.04,377.07,25.4,23.34,88.38,0.98,988.68,0.7087
2010,4,2010_04,321.78,222.09,25.58,23.43,87.91,1.07,988.34,0.6559
2010,5,2010_05,554.77,427.22,25.57,23.72,89.52,1.17,987.03,0.7092
2010,6,2010_06,275.99,311.15,24.93,22.88,88.43,1.37,988.83,0.7066
2010,7,2010_07,232.0,208.13,24.38,22.35,88.48,1.41,988.77,0.6842
2010,8,2010_08,284.77,233.69,24.56,22.31,87.31,1.5,988.83,0.6887
2010,9,2010_09,541.69,391.74,24.66,22.64,88.54,1.22,988.34,0.5598
2010,10,2010_10,519.77,396.25,24.63,22.52,88.05,1.17,987.8,0.6056
2010,11,2010_11,495.91,270.42,24.91,22.86,88.37,1.04,987.14,0.5706
2010,12,2010_12,504.79,448.41,24.57,22.45,87.99,1.3,985.13,0.6696
2011,1,2011_01,289.59,251.73,24.88,22.38,86.02,1.4,985.61,0.7594
2011,2,2011_02,353.14,280.46,24.73,22.32,86.48,1.38,986.3,0.6835
2011,3,2011_03,412.59,194.09,24.41,22.4,88.57,1.39,986.86,0.644
2011,4,2011_04,380.78,342.16,24.62,22.6,88.52,1.11,987.72,0.708
2011,5,2011_05,282.29,289.37,24.62,22.53,88.14,1.29,988.33,0.7782
2011,6,2011_06,54.45,80.65,23.77,21.26,85.89,1.78,988.98,0.708
2011,7,2011_07,56.01,32.63,23.42,20.87,85.59,1.8,989.28,0.6324
2011,8,2011_08,35.74,0.18,23.15,19.7,80.95,2.06,989.99,0.5762
2011,9,2011_09,12.44,21.72,24.26,20.96,81.91,1.97,990.48,0.4993
2011,10,2011_10,146.74,75.69,24.6,21.5,82.92,1.74,988.75,0.4287
2011,11,2011_11,542.52,351.28,24.67,22.71,88.89,1.1,987.43,0.5373
2011,12,2011_12,462.63,273.58,24.97,22.73,87.38,1.21,986.93,0.6299
2012,1,2012_01,455.78,385.13,24.63,22.47,87.76,1.42,986.29,0.7352
2012,2,2012_02,297.33,261.8,24.77,22.63,87.88,1.09,986.93,0.7477
2012,3,2012_03,343.47,272.06,24.8,22.41,86.57,1.36,986.92,0.6992
2012,4,2012_04,360.0,244.21,24.87,22.73,87.89,1.09,988.58,0.6822
2012,5,2012_05,245.87,172.18,24.57,22.24,86.86,1.5,988.23,0.75
2012,6,2012_06,59.7,23.42,24.21,21.57,85.2,1.71,989.18,0.7524
2012,7,2012_07,24.69,0.45,23.08,20.11,83.41,2.23,989.81,0.6093
2012,8,2012_08,59.09,0.01,23.02,19.33,79.7,2.26,990.9,0.5985
2012,9,2012_09,39.19,6.32,24.08,20.05,78.2,2.04,990.68,0.5332
2012,10,2012_10,215.15,97.45,24.88,21.77,82.89,1.64,989.28,0.4824
2012,11,2012_11,616.07,396.48,24.89,22.8,88.16,1.26,988.43,0.5875
2012,12,2012_12,528.05,430.25,24.75,22.84,89.17,1.11,987.12,0.6348
2013,1,2013_01,460.28,361.79,24.87,22.77,88.15,1.25,987.92,0.7014
2013,2,2013_02,395.4,314.29,25.16,23.01,87.92,1.14,986.83,0.7723
2013,3,2013_03,272.24,180.34,25.24,23.03,87.6,1.17,988.46,0.6998
2013,4,2013_04,304.09,218.19,25.41,23.17,87.43,1.01,987.68,0.679
2013,5,2013_05,534.81,251.72,25.3,23.16,87.97,1.08,987.87,0.6799
2013,6,2013_06,394.72,332.49,24.85,22.79,88.36,1.05,987.17,0.7748
2013,7,2013_07,350.28,271.74,23.72,21.58,87.78,1.64,988.89,0.6985
2013,8,2013_08,116.47,52.95,23.68,20.66,83.18,2.1,989.98,0.68
2013,9,2013_09,17.87,36.68,24.15,20.3,79.11,2.23,990.04,0.565
2013,10,2013_10,168.26,51.18,25.06,21.27,79.52,1.68,990.16,0.5738
2013,11,2013_11,324.54,213.43,24.8,22.26,85.83,1.23,987.64,0.6126
2013,12,2013_12,411.64,293.81,24.5,22.42,88.21,1.17,987.58,0.5224
2014,1,2014_01,455.21,569.35,24.41,22.32,88.11,1.33,988.37,0.6088
2014,2,2014_02,311.99,285.69,25.02,22.45,85.67,1.18,987.51,0.751
2014,3,2014_03,358.71,217.22,25.27,22.89,86.7,1.04,988.53,0.7079
2014,4,2014_04,292.25,190.0,25.11,22.88,87.43,1.11,988.55,0.6601
2014,5,2014_05,262.68,154.64,25.48,23.2,87.27,1.16,988.47,0.6987
2014,6,2014_06,237.52,188.08,25.06,22.76,87.11,1.33,988.22,0.756
2014,7,2014_07,173.68,346.81,23.84,21.49,86.73,1.74,989.9,0.6839
2014,8,2014_08,57.55,52.97,23.66,20.86,84.35,1.96,990.4,0.669
2014,9,2014_09,15.7,0.03,24.09,20.25,79.12,2.11,990.86,0.6004
2014,10,2014_10,75.28,71.12,24.91,21.39,80.83,1.9,990.01,0.5849
2014,11,2014_11,486.82,376.46,24.96,22.58,86.66,1.27,988.77,0.5088
2014,12,2014_12,493.9,429.87,24.7,22.67,88.5,1.16,988.02,0.5544
2015,1,2015_01,292.75,249.12,24.61,22.36,87.31,1.37,988.78,0.731
2015,2,2015_02,391.52,301.25,24.8,22.48,86.97,1.19,988.9,0.7879
2015,3,2015_03,478.67,252.04,25.02,22.8,87.55,1.12,989.33,0.7318
2015,4,2015_04,312.83,219.9,25.13,23.04,88.2,1.06,988.28,0.6732
2015,5,2015_05,239.85,184.09,24.69,22.31,86.6,1.4,989.72,0.7073
2015,6,2015_06,44.99,38.92,24.18,21.66,85.82,1.78,989.9,0.7808
2015,7,2015_07,29.3,14.01,23.9,20.82,82.92,1.74,990.46,0.6855
2015,8,2015_08,65.59,7.52,23.86,20.08,79.39,2.08,990.91,0.5619
2015,9,2015_09,25.47,0.02,24.4,19.94,76.19,2.19,991.22,0.593
2015,10,2015_10,26.42,0.02,25.83,21.02,74.81,1.89,990.86,0.5436
2015,11,2015_11,278.44,212.27,25.72,22.59,82.85,1.41,988.71,0.5147
2015,12,2015_12,405.34,298.56,25.3,23.1,87.61,1.13,989.15,0.5864
2016,1,2016_01,323.89,242.54,25.92,23.52,86.6,1.03,989.36,0.7235
2016,2,2016_02,327.45,390.42,25.19,23.21,88.78,1.09,989.21,0.702
2016,3,2016_03,252.74,93.2,25.92,23.65,87.3,1.0,989.36,0.7374
2016,4,2016_04,356.8,262.36,25.83,23.71,88.11,0.94,988.73,0.6629
2016,5,2016_05,425.4,211.84,25.9,23.8,88.23,0.98,988.28,0.7036
2016,6,2016_06,340.41,231.9,25.06,22.81,87.35,1.1,989.42,0.796
2016,7,2016_07,302.59,387.34,24.86,22.69,87.76,1.26,988.96,0.7475
2016,8,2016_08,278.78,195.12,24.5,21.92,85.55,1.52,989.14,0.6703
2016,9,2016_09,643.9,488.09,24.99,22.64,86.83,1.31,988.87,0.6344
2016,10,2016_10,799.91,559.84,24.88,22.91,88.84,1.06,988.47,0.6251
2016,11,2016_11,558.68,387.61,25.04,23.02,88.57,1.05,988.24,0.6061
2016,12,2016_12,453.41,433.9,24.85,22.55,87.07,1.54,987.19,0.6038
2017,1,2017_01,380.87,348.28,25.04,22.78,87.32,1.25,987.26,0.6768
2017,2,2017_02,387.57,370.03,24.84,22.66,87.67,1.32,988.21,0.6819
2017,3,2017_03,339.31,168.11,25.15,22.82,86.89,1.17,988.36,0.6579
2017,4,2017_04,389.24,304.66,25.04,22.88,87.84,1.07,988.82,0.6841
2017,5,2017_05,161.14,112.84,25.02,22.76,87.3,1.55,988.88,0.7777
2017,6,2017_06,171.31,161.17,24.7,22.51,87.63,1.38,989.53,0.718
2017,7,2017_07,65.14,40.83,23.69,21.38,86.9,1.99,990.53,0.6891
2017,8,2017_08,30.72,0.05,23.53,20.68,84.02,2.15,990.2,0.6154
2017,9,2017_09,147.2,120.33,24.4,21.18,82.26,2.02,990.17,0.56
2017,10,2017_10,511.78,480.73,24.59,22.49,88.1,1.51,989.06,0.5032
2017,11,2017_11,573.63,254.16,24.75,22.73,88.59,1.29,986.59,0.4195
2017,12,2017_12,433.47,249.95,24.89,22.48,86.48,1.35,987.61,0.6557
2018,1,2018_01,427.91,267.69,24.78,22.53,87.32,1.33,986.14,0.7639
2018,2,2018_02,361.69,400.34,24.7,22.53,87.79,1.27,988.41,0.7215
2018,3,2018_03,328.64,189.45,25.04,22.66,86.66,1.15,987.94,0.6729
2018,4,2018_04,318.57,231.29,25.43,23.15,87.2,1.13,988.09,0.6837
2018,5,2018_05,108.02,23.47,25.04,22.39,85.24,1.61,988.74,0.7477
2018,6,2018_06,34.87,42.73,24.6,21.77,84.25,1.81,989.86,0.7139
2018,7,2018_07,17.22,5.06,23.25,19.86,81.28,1.99,990.16,0.6502
2018,8,2018_08,44.52,0.03,23.47,19.29,77.4,2.21,990.7,0.5774
2018,9,2018_09,52.04,6.79,24.07,20.67,81.34,1.99,990.72,0.5618
2018,10,2018_10,100.04,43.02,25.19,21.42,79.64,1.98,990.25,0.4085
2018,11,2018_11,429.51,342.59,25.08,22.77,87.0,1.36,989.31,0.4767
2018,12,2018_12,340.06,359.24,24.81,22.78,88.51,1.37,988.62,0.4637
2019,1,2019_01,451.64,378.34,25.22,22.96,87.32,1.27,988.52,0.7207
2019,2,2019_02,411.99,367.95,25.24,23.12,88.08,1.02,989.99,0.7665
2019,3,2019_03,570.63,331.25,24.91,22.77,87.91,1.13,989.17,0.7185
2019,4,2019_04,399.21,264.92,25.52,23.41,88.16,1.08,988.39,0.6765
2019,5,2019_05,76.22,91.18,25.12,22.63,86.05,1.67,989.49,0.6952
2019,6,2019_06,15.61,1.43,23.83,20.74,82.86,1.89,990.06,0.7412
2019,7,2019_07,34.63,2.67,23.39,19.98,81.16,2.09,990.9,0.6701
2019,8,2019_08,89.05,0.15,23.47,19.38,77.84,2.17,991.22,0.5714
2019,9,2019_09,14.41,14.78,24.22,19.68,75.79,2.23,991.62,0.5252
2019,10,2019_10,74.35,13.85,25.44,20.85,75.76,2.08,989.82,0.4733
2019,11,2019_11,155.15,86.76,25.53,22.17,81.7,1.58,989.34,0.4978
2019,12,2019_12,468.37,245.22,25.67,23.27,86.59,1.0,988.59,0.6108
2020,1,2020_01,316.63,250.96,25.44,23.2,87.41,1.2,988.98,0.6095
2020,2,2020_02,493.01,377.86,25.46,23.37,88.25,1.08,989.56,0.6988
2020,3,2020_03,568.32,386.13,25.48,23.4,88.3,1.09,989.24,0.7559
2020,4,2020_04,211.11,203.63,25.62,23.49,88.03,1.04,989.48,0.7441
2020,5,2020_05,370.53,315.25,25.58,23.36,87.56,1.21,989.31,0.7067
2020,6,2020_06,66.65,194.58,24.76,22.54,87.52,1.64,989.86,0.7138
2020,7,2020_07,95.44,75.31,23.94,21.38,85.6,1.85,989.72,0.7065
2020,8,2020_08,68.21,38.82,24.25,21.44,84.35,1.87,990.12,0.5954
2020,9,2020_09,106.1,159.69,24.63,21.64,83.44,2.03,990.32,0.5353
2020,10,2020_10,549.52,422.04,24.64,22.45,87.64,1.64,989.37,0.5514
2020,11,2020_11,522.83,481.71,24.96,22.86,88.12,1.28,989.28,0.5916
2020,12,2020_12,562.99,484.0,24.59,22.63,88.86,1.31,987.64,0.5674
2021,1,2021_01,409.71,294.6,24.73,22.49,87.37,1.17,987.67,0.7172
2021,2,2021_02,390.69,532.35,25.05,22.71,86.86,1.33,987.94,0.6239
2021,3,2021_03,402.51,229.55,25.13,22.7,86.41,1.14,988.33,0.661
2021,4,2021_04,233.88,138.33,25.17,22.63,85.82,1.22,989.35,0.6812
2021,5,2021_05,165.45,75.84,25.48,22.83,85.33,1.31,988.72,0.7447
2021,6,2021_06,251.27,269.9,24.97,22.7,87.21,1.07,990.04,0.751
2021,7,2021_07,123.68,40.83,24.26,21.66,85.46,1.68,990.0,0.6717
2021,8,2021_08,137.65,95.1,24.24,21.64,85.48,1.96,990.79,0.6045
2021,9,2021_09,255.84,172.93,24.4,21.95,86.24,1.86,990.19,0.6102
2021,10,2021_10,359.13,192.75,24.71,22.25,86.24,1.6,989.87,0.523
2021,11,2021_11,660.91,437.36,24.86,22.8,88.34,1.05,988.05,0.5631
2021,12,2021_12,471.56,351.82,25.04,22.89,87.91,1.17,989.2,0.6554
2022,1,2022_01,333.97,287.22,24.93,22.58,86.82,1.39,988.69,0.6955
2022,2,2022_02,261.89,272.36,25.16,22.73,86.42,1.21,987.71,0.7493
2022,3,2022_03,584.75,390.04,25.13,23.03,88.18,1.16,987.78,0.6574
2022,4,2022_04,320.52,250.09,25.06,22.94,88.04,1.03,988.28,0.6779
2022,5,2022_05,351.27,178.28,25.56,23.3,87.33,1.04,988.31,0.7743
2022,6,2022_06,262.98,241.33,24.47,22.39,88.2,1.27,988.93,0.7549
2022,7,2022_07,179.57,162.23,24.22,21.9,86.9,1.65,988.98,0.6961
2022,8,2022_08,169.67,126.22,24.12,21.71,86.42,1.87,989.62,0.5784
2022,9,2022_09,251.53,391.54,24.45,22.27,87.65,1.63,991.73,0.495
2022,10,2022_10,544.74,283.03,24.3,22.29,88.58,1.31,990.95,0.3084
2022,11,2022_11,705.56,486.85,24.7,22.76,89.0,1.07,990.1,0.5431
2022,12,2022_12,393.1,379.96,24.9,22.64,87.24,1.21,989.08,0.6709
2023,1,2023_01,361.72,197.17,24.74,22.58,87.8,1.4,989.79,0.7233
2023,2,2023_02,233.17,210.12,24.78,22.65,87.96,1.31,989.43,0.6541
2023,3,2023_03,314.05,199.91,25.19,22.83,86.82,1.16,990.75,0.6491
2023,4,2023_04,438.0,128.97,25.22,22.97,87.38,1.16,989.98,0.671
2023,5,2023_05,175.66,125.57,25.08,22.79,87.14,1.32,988.66,0.7682
2023,6,2023_06,80.19,113.82,24.79,22.3,86.06,1.69,991.61,0.7079
2023,7,2023_07,93.48,111.28,23.49,20.93,85.54,1.96,992.85,0.7016
2023,8,2023_08,44.58,5.85,23.7,20.45,82.07,2.03,990.38,0.6508
2023,9,2023_09,13.59,0.49,24.26,20.96,81.91,1.97,990.48,0.6092
2023,10,2023_10,49.14,4.99,25.95,21.76,77.69,1.8,992.88,0.5376
2023,11,2023_11,317.22,253.58,24.95,22.65,87.1,1.24,988.5,0.4768
2023,12,2023_12,240.47,152.39,26.0,22.39,80.49,1.32,991.16,0.622
2024,1,2024_01,378.39,345.43,25.53,23.4,88.0,1.24,991.02,0.6541
2024,2,2024_02,270.24,251.43,25.88,23.52,86.89,1.11,991.69,0.7548
2024,3,2024_03,344.54,305.3,25.86,23.65,87.59,1.41,990.61,0.7269
2024,4,2024_04,406.42,251.17,26.14,24.07,88.42,1.14,989.7,0.7096
2024,5,2024_05,75.7,28.9,25.61,23.33,87.22,1.52,990.53,0.6775
2024,6,2024_06,107.43,194.42,25.19,22.84,86.82,1.5,991.64,0.7322
2024,7,2024_07,74.01,24.59,24.27,21.35,83.77,1.88,991.96,0.7522
2024,8,2024_08,62.34,23.71,24.17,20.64,80.67,2.11,992.74,0.6103
2024,9,2024_09,88.0,83.9,24.94,21.76,82.57,1.73,991.46,0.5843
2024,10,2024_10,184.58,178.4,25.58,22.31,82.16,1.7,991.68,0.6457
2024,11,2024_11,554.85,372.05,25.64,23.39,87.36,1.02,989.7,0.5534
2024,12,2024_12,490.59,349.16,25.45,23.25,87.63,1.24,988.85,0.5362
2025,1,2025_01,430.99,298.78,25.22,22.9,87.01,1.26,989.14,0.6884
2025,2,2025_02,354.29,226.02,25.5,22.87,85.38,1.23,990.07,0.7516
2025,3,2025_03,424.25,213.57,25.54,23.18,86.81,1.16,989.45,0.7145
2025,4,2025_04,141.43,186.53,25.28,22.88,86.58,1.09,990.62,0.678
2025,5,2025_05,448.86,408.79,25.31,23.31,88.73,1.08,989.91,0.7394
2025,6,2025_06,107.89,249.97,24.92,22.63,87.14,1.42,991.44,0.7846
2025,7,2025_07,146.3,38.96,23.95,21.41,85.77,1.83,991.61,0.7217
2025,8,2025_08,392.8,227.87,24.27,21.97,87.02,1.61,992.02,0.676
2025,9,2025_09,164.68,281.25,24.54,22.22,86.92,1.65,992.02,0.6702
2025,10,2025_10,375.61,458.49,24.94,22.77,87.77,1.25,991.05,0.5784
2025,11,2025_11,316.54,431.33,24.78,22.63,87.81,1.19,990.29,0.5866
2025,12,2025_12,231.07,296.76,25.26,22.84,86.49,1.3,989.38,0.6937
