latitude,longitude,elevation_m,gsmap_mm,chirps_mm,fused_mm,diff_mm
-7.48346193921519,109.63376747237643,354.0,2681.549072265625,3485.330322265625,3129.2001953125,-803.78125
-7.485709669728807,109.63376747237643,300.0,2613.389892578125,3380.4482421875,3044.73681640625,-767.058349609375
-7.487957400242422,109.63376747237643,240.0,2612.83056640625,3378.2744140625,3041.7646484375,-765.44384765625
-7.4902051307560376,109.63376747237643,203.0,2586.7412109375,3329.722900390625,3004.09814453125,-742.981689453125
-7.492452861269654,109.63376747237643,232.0,2613.658935546875,3380.413330078125,3044.378173828125,-766.75439453125
-7.494700591783269,109.63376747237643,272.0,2612.543701171875,3378.211181640625,3037.050048828125,-765.66748046875
-7.496948322296886,109.63376747237643,325.0,2612.57861328125,3378.785888671875,3042.572509765625,-766.207275390625
-7.499196052810501,109.63376747237643,333.0,2612.57861328125,3378.785888671875,3042.609619140625,-766.207275390625
-7.501443783324117,109.63376747237643,349.0,2680.9765625,3485.7490234375,3126.088134765625,-804.7724609375
-7.503691513837733,109.63376747237643,396.0,2680.98095703125,3485.84716796875,3123.346923828125,-804.8662109375
-7.505939244351349,109.63376747237643,417.0,2680.54931640625,3484.882080078125,3123.7587890625,-804.332763671875
-7.508186974864964,109.63376747237643,377.0,2681.13134765625,3485.0673828125,3128.82470703125,-803.93603515625
-7.5104347053785805,109.63376747237643,322.0,2611.837890625,3378.0322265625,3036.912109375,-766.1943359375
-7.512682435892196,109.63376747237643,303.0,2612.57861328125,3378.785888671875,3041.536865234375,-766.207275390625
-7.5149301664058115,109.63376747237643,272.0,2611.837890625,3378.0322265625,3037.593505859375,-766.1943359375
-7.517177896919428,109.63376747237643,269.0,2613.1025390625,3378.430419921875,3039.48876953125,-765.327880859375
-7.519425627433043,109.63376747237643,315.0,2612.261474609375,3379.234375,3037.577392578125,-766.972900390625
-7.52167335794666,109.63376747237643,249.0,2611.829833984375,3378.509033203125,3038.498046875,-766.67919921875
-7.523921088460275,109.63376747237643,233.0,2612.07666015625,3378.12060546875,3037.687255859375,-766.0439453125
-7.526168818973891,109.63376747237643,213.0,2586.186767578125,3327.485107421875,3005.3515625,-741.29833984375
-7.528416549487507,109.63376747237643,161.0,2586.681640625,3329.765869140625,2998.732421875,-743.084228515625
-7.5306642800011225,109.63376747237643,139.0,2576.515625,3318.93115234375,2983.608642578125,-742.41552734375
-7.532912010514738,109.63376747237643,131.0,2556.558837890625,3293.829345703125,2971.2470703125,-737.2705078125
-7.535159741028354,109.63376747237643,109.0,2554.745361328125,3287.142578125,2959.9892578125,-732.397216796875
-7.53740747154197,109.63376747237643,124.0,2558.4384765625,3296.953125,2970.331298828125,-738.5146484375
-7.539655202055586,109.63376747237643,130.0,2557.17333984375,3294.6533203125,2974.449462890625,-737.47998046875
-7.541902932569202,109.63376747237643,95.0,2553.76708984375,3285.523681640625,2967.647705078125,-731.756591796875
-7.544150663082817,109.63376747237643,106.0,2554.5859375,3287.626220703125,2962.114013671875,-733.040283203125
-7.546398393596434,109.63376747237643,106.0,2554.115234375,3285.486572265625,2965.5380859375,-731.371337890625
-7.548646124110049,109.63376747237643,132.0,2558.4384765625,3296.953125,2970.719482421875,-738.5146484375
-7.550893854623665,109.63376747237643,179.0,2588.416015625,3332.447509765625,3002.2255859375,-744.031494140625
-7.553141585137281,109.63376747237643,136.0,2554.07177734375,3292.154296875,2975.8427734375,-738.08251953125
-7.555389315650896,109.63376747237643,80.0,2546.947509765625,3273.34912109375,2955.37939453125,-726.401611328125
-7.557637046164513,109.63376747237643,85.0,2525.931884765625,3240.002197265625,2916.62841796875,-714.0703125
-7.559884776678128,109.63376747237643,102.0,2533.5830078125,3251.668212890625,2924.331787109375,-718.085205078125
-7.562132507191744,109.63376747237643,119.0,2531.565185546875,3255.37646484375,2931.530517578125,-723.811279296875
-7.56438023770536,109.63376747237643,152.0,2578.820068359375,3322.79248046875,2989.8408203125,-743.972412109375
-7.566627968218976,109.63376747237643,211.0,2585.880859375,3329.2763671875,2997.939453125,-743.3955078125
-7.568875698732591,109.63376747237643,260.0,2612.52001953125,3380.1181640625,3040.7490234375,-767.59814453125
-7.5711234292462075,109.63376747237643,313.0,2611.88427734375,3380.257568359375,3040.75146484375,-768.373291015625
-7.573371159759823,109.63376747237643,291.0,2612.34619140625,3380.11279296875,3040.39501953125,-767.7666015625
-7.575618890273439,109.63376747237643,227.0,2612.52880859375,3380.11279296875,3040.3671875,-767.583984375
-7.577866620787055,109.63376747237643,185.0,2585.225830078125,3330.141357421875,3003.457763671875,-744.91552734375
-7.58011435130067,109.63376747237643,160.0,2584.294189453125,3326.79443359375,2996.16650390625,-742.500244140625
-7.582362081814287,109.63376747237643,191.0,2585.374755859375,3329.476318359375,3003.246826171875,-744.1015625
-7.584609812327902,109.63376747237643,197.0,2584.294189453125,3326.849365234375,2998.760009765625,-742.55517578125
-7.586857542841518,109.63376747237643,203.0,2585.0390625,3326.581298828125,3002.525634765625,-741.542236328125
-7.589105273355134,109.63376747237643,256.0,2612.37255859375,3378.404052734375,3040.594482421875,-766.031494140625
-7.59135300386875,109.63376747237643,323.0,2612.140625,3378.91162109375,3039.141357421875,-766.77099609375
-7.593600734382366,109.63376747237643,319.0,2612.322509765625,3376.4521484375,3034.638427734375,-764.129638671875
-7.595848464895981,109.63376747237643,294.0,2612.164794921875,3375.271484375,3034.322265625,-763.106689453125
-7.598096195409597,109.63376747237643,271.0,2613.028076171875,3376.769287109375,3036.362548828125,-763.7412109375
-7.600343925923213,109.63376747237643,228.0,2613.70849609375,3377.990234375,3033.681884765625,-764.28173828125
-7.602591656436829,109.63376747237643,211.0,2586.4833984375,3328.686767578125,2998.2294921875,-742.203369140625
-7.604839386950444,109.63376747237643,213.0,2586.6162109375,3331.543701171875,2999.8515625,-744.927490234375
-7.607087117464061,109.63376747237643,192.0,2585.77099609375,3330.0263671875,2996.00634765625,-744.25537109375
-7.609334847977676,109.63376747237643,177.0,2562.4755859375,3291.748779296875,2956.023681640625,-729.273193359375
-7.6115825784912925,109.63376747237643,175.0,2562.4755859375,3291.748779296875,2956.222900390625,-729.273193359375
-7.613830309004908,109.63376747237643,183.0,2568.390380859375,3305.523193359375,2970.5595703125,-737.1328125
-7.6160780395185235,109.63376747237643,185.0,2586.52099609375,3331.016845703125,2996.323974609375,-744.495849609375
-7.61832577003214,109.63376747237643,176.0,2585.869873046875,3330.525634765625,2995.12255859375,-744.65576171875
-7.620573500545755,109.63376747237643,201.0,2585.4052734375,3329.060546875,3001.875732421875,-743.6552734375
-7.622821231059371,109.63376747237643,200.0,2585.013427734375,3328.32470703125,2997.053955078125,-743.311279296875
-7.625068961572987,109.63376747237643,146.0,2577.05517578125,3321.000244140625,2980.914306640625,-743.945068359375
-7.627316692086603,109.63376747237643,96.0,2550.373291015625,3281.57568359375,2962.931640625,-731.202392578125
-7.629564422600218,109.63376747237643,128.0,2558.75390625,3297.944091796875,2965.9169921875,-739.190185546875
-7.6318121531138345,109.63376747237643,130.0,2558.289306640625,3297.25439453125,2966.26416015625,-738.965087890625
-7.63405988362745,109.63376747237643,120.0,2558.289306640625,3297.25439453125,2966.77880859375,-738.965087890625
-7.636307614141066,109.63376747237643,138.0,2579.22900390625,3324.547119140625,2982.7236328125,-745.318115234375
-7.638555344654682,109.63376747237643,142.0,2580.72216796875,3327.713134765625,2991.668701171875,-746.990966796875
-7.640803075168297,109.63376747237643,136.0,2557.29443359375,3297.6376953125,2975.337890625,-740.34326171875
-7.643050805681914,109.63376747237643,118.0,2559.805419921875,3301.117431640625,2985.38427734375,-741.31201171875
-7.645298536195529,109.63376747237643,104.0,2556.626953125,3290.981201171875,2975.890380859375,-734.354248046875
-7.647546266709146,109.63376747237643,93.0,2556.626953125,3290.981201171875,2976.9609375,-734.354248046875
-7.649793997222761,109.63376747237643,80.0,2552.3134765625,3284.406982421875,2969.08447265625,-732.093505859375
-7.652041727736377,109.63376747237643,60.0,2545.914794921875,3274.247802734375,2962.398681640625,-728.3330078125
-7.654289458249993,109.63376747237643,54.0,2550.84033203125,3279.7197265625,2959.441650390625,-728.87939453125
-7.6565371887636084,109.63376747237643,57.0,2551.43310546875,3280.377197265625,2960.688232421875,-728.944091796875
-7.658784919277224,109.63376747237643,42.0,2533.5302734375,3252.8984375,2919.439697265625,-719.3681640625
-7.66103264979084,109.63376747237643,36.0,2517.034912109375,3233.233642578125,2901.739013671875,-716.19873046875
-7.663280380304456,109.63376747237643,37.0,2517.034912109375,3233.233642578125,2901.564697265625,-716.19873046875
-7.665528110818071,109.63376747237643,36.0,2523.8115234375,3234.579345703125,2907.72119140625,-710.767822265625
-7.667775841331688,109.63376747237643,32.0,2516.743896484375,3228.722412109375,2901.37939453125,-711.978515625
-7.670023571845303,109.63376747237643,26.0,2516.26025390625,3227.43505859375,2901.7080078125,-711.1748046875
-7.6722713023589195,109.63376747237643,33.0,2523.355224609375,3237.547607421875,2905.7255859375,-714.1923828125
-7.674519032872535,109.63376747237643,26.0,2517.087890625,3230.43505859375,2904.134765625,-713.34716796875
-7.6767667633861505,109.63376747237643,22.0,2521.8369140625,3236.38525390625,2909.837890625,-714.54833984375
-7.679014493899767,109.63376747237643,22.0,2522.43603515625,3235.372802734375,2911.97314453125,-712.936767578125
-7.681262224413382,109.63376747237643,25.0,2522.3193359375,3237.918701171875,2912.3798828125,-715.599365234375
-7.683509954926998,109.63376747237643,25.0,2522.61572265625,3236.866943359375,2913.141845703125,-714.251220703125
-7.685757685440614,109.63376747237643,21.0,2523.0517578125,3237.797607421875,2912.6494140625,-714.745849609375
-7.68800541595423,109.63376747237643,21.0,2523.3974609375,3237.991943359375,2913.1748046875,-714.594482421875
-7.690253146467846,109.63376747237643,21.0,2523.3974609375,3237.991943359375,2912.2490234375,-714.594482421875
-7.692500876981462,109.63376747237643,18.0,2522.66796875,3237.024169921875,2912.312744140625,-714.356201171875
-7.694748607495077,109.63376747237643,21.0,2522.33837890625,3237.00439453125,2911.99365234375,-714.666015625
-7.696996338008693,109.63376747237643,24.0,2522.3193359375,3237.918701171875,2909.78662109375,-715.599365234375
-7.699244068522309,109.63376747237643,23.0,2527.350830078125,3243.67626953125,2912.066162109375,-716.325439453125
-7.701491799035924,109.63376747237643,19.0,2526.75537109375,3244.6494140625,2913.94091796875,-717.89404296875
-7.703739529549541,109.63376747237643,21.0,2521.883544921875,3238.469970703125,2911.60400390625,-716.58642578125
-7.705987260063156,109.63376747237643,20.0,2528.1279296875,3248.298828125,2919.233642578125,-720.1708984375
-7.708234990576773,109.63376747237643,19.0,2527.617431640625,3247.375732421875,2919.144775390625,-719.75830078125
-7.710482721090388,109.63376747237643,19.0,2527.975830078125,3248.3759765625,2917.8935546875,-720.400146484375
-7.712730451604004,109.63376747237643,20.0,2527.622314453125,3247.320068359375,2918.151611328125,-719.69775390625
-7.71497818211762,109.63376747237643,17.0,2523.988037109375,3242.144775390625,2917.438232421875,-718.15673828125
-7.7172259126312355,109.63376747237643,15.0,2523.0078125,3241.693359375,2916.2880859375,-718.685546875
-7.719473643144851,109.63376747237643,16.0,2523.2783203125,3242.564697265625,2917.72802734375,-719.286376953125
-7.721721373658467,109.63376747237643,15.0,2524.06884765625,3243.9365234375,2916.738037109375,-719.86767578125
-7.723969104172083,109.63376747237643,13.0,2525.3388671875,3244.7587890625,2916.513427734375,-719.419921875
-7.726216834685699,109.63376747237643,13.0,2524.412109375,3240.878662109375,2911.972412109375,-716.466552734375
-7.728464565199315,109.63376747237643,16.0,2529.758544921875,3247.04345703125,2921.0048828125,-717.284912109375
-7.73071229571293,109.63376747237643,18.0,2535.330322265625,3254.226806640625,2925.977783203125,-718.896484375
-7.7329600262265465,109.63376747237643,16.0,2540.774658203125,3266.696044921875,2931.25634765625,-725.92138671875
-7.735207756740162,109.63376747237643,11.0,2536.197265625,3262.269775390625,2926.9599609375,-726.072509765625
-7.7374554872537775,109.63376747237643,13.0,2537.59228515625,3266.116943359375,2926.708740234375,-728.524658203125
-7.739703217767394,109.63376747237643,13.0,2536.9677734375,3265.781982421875,2926.635009765625,-728.814208984375
-7.741950948281009,109.63376747237643,17.0,2539.782470703125,3266.056640625,2928.34033203125,-726.274169921875
-7.744198678794626,109.63376747237643,17.0,2541.07958984375,3266.548828125,2930.871826171875,-725.46923828125
-7.746446409308241,109.63376747237643,15.0,2543.2275390625,3269.4296875,2934.71728515625,-726.2021484375
-7.748694139821857,109.63376747237643,16.0,2543.0478515625,3269.535888671875,2933.224609375,-726.488037109375
-7.750941870335473,109.63376747237643,16.0,2542.81884765625,3269.8046875,2932.44287109375,-726.98583984375
-7.753189600849089,109.63376747237643,15.0,2543.3994140625,3269.873779296875,2936.927490234375,-726.474365234375
-7.755437331362704,109.63376747237643,12.0,2542.813232421875,3271.29345703125,2936.0322265625,-728.480224609375
-7.7576850618763205,109.63376747237643,12.0,2542.152099609375,3270.7900390625,2931.589111328125,-728.637939453125
-7.759932792389936,109.63376747237643,12.0,2542.152099609375,3270.7900390625,2932.593017578125,-728.637939453125
-7.762180522903552,109.63376747237643,13.0,2542.337158203125,3270.9765625,2932.082763671875,-728.639404296875
-7.764428253417168,109.63376747237643,18.0,2550.338134765625,3278.781494140625,2937.524169921875,-728.443359375
-7.766675983930783,109.63376747237643,17.0,2545.597412109375,3272.0009765625,2935.13916015625,-726.403564453125
-7.7689237144444,109.63376747237643,16.0,2545.121337890625,3271.804931640625,2935.97314453125,-726.68359375
-7.771171444958015,109.63376747237643,17.0,2544.2392578125,3266.5380859375,2931.097412109375,-722.298828125
-7.773419175471631,109.63376747237643,15.0,2545.149169921875,3271.95068359375,2934.90087890625,-726.801513671875
-7.775666905985247,109.63376747237643,12.0,2542.152099609375,3270.84033203125,2933.937255859375,-728.688232421875
-7.7779146364988625,109.63376747237643,12.0,2542.813232421875,3271.29345703125,2937.912841796875,-728.480224609375
-7.780162367012478,109.63376747237643,10.0,2540.412109375,3267.582763671875,2940.209716796875,-727.170654296875
-7.782410097526094,109.63376747237643,4.0,2540.2353515625,3267.873779296875,2940.050048828125,-727.638427734375
-7.78465782803971,109.63376747237643,5.0,2540.313720703125,3267.77685546875,2939.74755859375,-727.463134765625
-7.786905558553326,109.63376747237643,3.0,2544.201416015625,3271.852783203125,2956.34716796875,-727.6513671875
